Allevamento Veneta Zoo dal 1970 Affisso Enci di Casa Pasin\Via Sassi, 25A, 31021 Mogliano Veneto TV\https://www.venetazoo.com/\347 966 8298\info@venetazoo.com\TV\
Allevamento LESS MIRACLE golden retriever inglesi\G8C3PP, 30173 Venezia VE\\347 948 7737\\VE\
Allevamento Pomerania e Chihuahua Dei Beddi Picciriddi\Via cavin di sala, 30036 Santa Maria di Sala VE\https://spitztedescopomeranian.com/allevamento-di-pomerania-in-veneto/\329 689 4815\\VE\
Allevamento Cane Corso e Jack Russell Di Casa Fiamma\Via Seriola Veneta Sinistra, 46d, 30034 Mira VE\https://dicasafiamma.it/\339 639 6471\\VE\
Over the Wild Borders - allevamento di border collies\Via Praello, 111, 30020 Praello VE\https://overthewildborders.it/\340 966 3514\wght@100..900 alpine-clipboard@2.3.0 focus@3.13.5\VE\
Allevamento delle Valli Veneziane\Via 4 Novembre, 61, 30010 Camponogara VE\http://www.labradorspringer.com/\338 152 0380\info@labradorspringer.com\VE\
Allevamento Maltese SinphonyofVenice\Via Primo Maggio, 108, 31030 Carbonera TV\\347 068 6652\\TV\
Bedlington Terrier\Via Santa Maria Goretti, 31, 30174 Venezia VE\http://colacoda.it/\041 456 9537\colacodakennel@yahoo.it\VE\
Allevamento Bassotti Regina Cornaro\Via delle Baldane, 7, 30020 Meolo VE\http://allevamentobassottireginacornaro.it/\340 099 3107\info@allevamentobassottireginacornaro.it\VE\
Allevamento Ambra Selvaggia\Via Molino, 4, 31050 Vedelago TV\http://www.ambraselvaggia.com/\348 361 6700\\TV\
Azienda Agricola e allevamento Sabadin Michele\Via Treviso, 5, 30020 Marcon VE\\339 194 7010\\VE\
GREEN MAGIC TEA KENNEL\Via Galli, 27B, 30035 Mirano VE\https://www.greenmagictea.it/\339 611 8341\meghy.caruso@gmail.com simone.frasson@gmail.com\VE\
Fenice Rossa - Australian Shepherd\Str. S. Dono, 30033 Noale VE\\349 190 0943\\VE\
Amico Terrier's Allevamento Parson Russell Terrier\Via Caltana, 236 30035, Scaltenigo VE\http://www.amicoterrier.com/\339 600 7207\\VE\
Venicedolls\Via Wolfango Goethe, 6A, 30126 Lido VE\http://www.venicedolls.com/Italiano/home.php\340 309 8044\info@venicedolls.com\VE\
Allevamento Valle Agredo - Australian Shepherd e Labrador Retriever\Via Francesco Morosini, 36h, 35010 Loreggia PD\http://www.allevamentovalleagredo.it/\346 720 4624\societaagricolama.sia@gmail.com\PD\
Allevamento Boxer Della Valle dei Sensi\Via Brioni, 29, 31030 San Vito TV\http://www.allevamentodellavalledeisensi.com/\334 301 0438\\TV\
Allevamento Sportivo Amatoriale di Chiara Sorgente\Via Scandolara, 99A, 31059 Zero Branco TV\\329 126 4492\\TV\
Allevamento Boxer del Piovese\Via Leonardo da Vinci, 3, 30010 Bojon VE\\328 362 6977\\VE\
Casa Mary Breeding\Via Pioghella, 113, 30032 Fiesso D'artico VE\http://casamary.com/\041 516 1403\\VE\
Allevamento Favole Bianca e Bernie\Via Borgo Zucco, 46D, 36056 Tezze sul Brenta VI\http://www.allevamentobiancaebernie.com/\389 808 9895\lefavoledibiancaebernie@gmail.com\VI\
La Casa di Maia - Cavalier king\Via Sant'Elena, 24B, 31040 Trevignano TV\http://www.lacasadimaia-cavalierking.it/\340 361 0014\\TV\
Ginevra Dell'Abbazia Allevamento Ufficiale F.C.I. E.N.C.I. Pastore Tedesco\Via Alessandro Platone, 9, 31040 Nervesa della Battaglia TV\https://ginevradellabbazia.it/\348 352 0278\\TV\
