Allevamento Magicollection\Via delle Orchidee, 43, 36061 Bassano del Grappa VI\http://www.magicollection.it/\328 812 6252\info@magicollection.it\VI\Sponsorizzato
Aussie Paradise Allevamento Australian Shepherd\Raccordo Valdastico, 1, 36050 Bolzano Vicentino VI\https://www.aussieparadise.it/\342 587 8385\aussieparadise75@gmail.com\VI\
Allevamento Della Volpe Cremisi\Via Camisana, 109, 36040 Torri di Quartesolo VI\https://www.allevamentodellavolpecremisi.it/\389 500 6413\allevamentocrimsonfox@gmail.com\VI\
Allevamento La Porta Dei Berici Golden Retriever\Via Canova, 58, 36040 Brendola VI\http://www.laportadeiberici.it/\340 615 6502\info@laportadeiberici.it\VI\
Allevamento kurzhaar di Casa del Falco\Via Battaglione Vestone, 21, 36100 Vicenza VI\\366 294 5147\\VI\
Allevamento Favole Bianca e Bernie\Via Borgo Zucco, 46D, 36056 Tezze sul Brenta VI\http://www.allevamentobiancaebernie.com/\389 808 9895\lefavoledibiancaebernie@gmail.com\VI\
Simposio dei Bassotti\Via Ragazzi del '99, 116, 36100 Vicenza VI\https://sites.google.com/d/1X74xRZA0InY4e0fNBYbyhfxeHjnsRN0a/p/1jymeBt2lJGveWjkKZaTQQyEDMT7s6vo9/edit\389 107 2116\\VI\
Allevamento Labrador Retriever Tesori dei Berici\Via Nazario Sauro, 18A, 36020 Campiglia dei Berici VI\https://www.allevamentolabradorretriever.it/\348 755 1393\info@allevamentolabradorretriever.it bootstrap-icons@1.9.1 wght@100..900 bootstrap@5.2.0\VI\
Allevamento professionale i Guardiani di Casa Falco\Via degli Eroi, 66a, 36050 Quinto Vicentino VI\http://www.iguardianidicasafalco.it/\349 068 4811\\VI\
Allevamento di Casa Lucrezia\Via S. Giovanni in Monte, n 11, 36048 Barbarano Vicentino VI\http://dicasalucrezia.com/\348 510 7887\\VI\
Allevamento dell'incantamonte\Via Guzan, 4 bis, 36030 Monte di Malo VI\https://allevamentodellincantamonte.it/\335 541 2544\romellicollies@gmail.com\VI\
Allevamento Kuma  Allevamento e vendita cuccioli di cane Shiba inu e pensione per cani\Via Sciessere, 20, 36046 Lusiana Conco VI\https://www.shibainu.tv/\347 031 9816\allevamentokuma@gmail.com\VI\
Allevamento Bengala - Leopard Brigade\Via Luigi Cappello, 38, 36100 Vicenza VI\https://www.leopard-brigade-bengala.online/\\assistenza@webador.it leopard.brigade@gmail.com\VI\
Blutinto Kennel\Via Colombara, 9, 36024 Nanto VI\http://www.blutinto.it/\338 795 0186\info@blutinto.it\VI\
The Tower Red cane Corso e Pastore Australiano\Via Piazzola, 39, 36043 Camisano Vicentino VI\https://sites.google.com/view/the-tower-red-allevamento-cani/home\345 034 4363\pertegatoattilio@gmail.com\VI\
Shiba Inu Veneto - Allevamento Cuccioli\V. Quargente, 66, 36021 Villaga VI\http://www.shibainuveneto.com/\338 405 3102\\VI\
Allevamento Rottweiler delle Abbadesse\Via Rasega, 82a, 36040 Grumolo delle Abbadesse VI\\335 811 1350\\VI\
Allevamento di Casa Romio\Via Asiago, 12, 36030 Caldogno VI\\348 905 0792\\VI\
Energy Jack Kennel\Via Monte Zovetto, 32, 36030 Caldogno VI\http://jackrussellterriervicenza.com/\340 976 2535\adrienn.honti@gmail.com\VI\
ALLEVAMENTO LA CORTE DEL GU\Via Sant'Apollonia, 36044 Val Liona VI\https://xn--allevamentolacortedelgu-r5b.com/\342 374 2382\\VI\
ALLEVAMENTO AMATORIALE DI VIA PONTE CAZZOLA\Via Ponte Cazzola, 41, 36026 Pojana Maggiore VI\http://www.allevamentodiviapontecazzola.it/\347 543 1216\mattiastrazzacappa@virgilio.it\VI\
Allevamento Veneta Zoo dal 1970 Affisso Enci di Casa Pasin\Via Sassi, 25A, 31021 Mogliano Veneto TV\https://www.venetazoo.com/\347 966 8298\info@venetazoo.com\TV\
Allevamento Ambra Selvaggia\Via Molino, 4, 31050 Vedelago TV\http://www.ambraselvaggia.com/\348 361 6700\\TV\
KONICHIHUAHUA - Allevamento chihuahua\Via Nogarole, 5, 36050 Zermeghedo VI\https://www.konichihuahua.it/\320 633 5888\\VI\
bulli e pupe allevamento bulldog francese\Via Vicenza, 196, 36034 Malo VI\\347 237 2137\\VI\
Allevamento Amatoriale del Pastore Tedesco\Via Bassanese, 61, 31037 Loria TV\http://www.canepastore.com/?utm_source=google&utm_medium=wix_google_business_profile&utm_campaign=4329674800522928684\340 085 4144\8eb368c655b84e029ed79ad7a5c1718e@sentry.wixpress.com 2062d0a4929b45348643784b5cb39c36@sentry.wixpress.com lodash@4.17.23 78f7996315bc402f9dcb8a2f974b82d1@sentry.wixpress.com 460ff4620fa44cba8df530afde949785@sentry.wixpress.com react-dom@18.3.1 dd0a55ccb8124b9c9d938e3acf41f8aa@sentry.wixpress.com rspack@1.6.8 c098db2425c540d3982e073ae7fc4c9a@sentry.wixpress.com focus-within-polyfill@5.0.9 bcea6319e2dd4b1aaecfde5bec98f9ed@sentry.wixpress.com 271e9fa3230b4eec94b02bf95780f5f2@sentry.wixpress.com info@canepastore.com intl-segmenter@11.7.10 c183baa23371454f99f417f6616b724d@sentry.wixpress.com ed436f5053144538958ad06a5005e99a@sentry.wixpress.com 9a65e97ebe8141fca0c4fd686f70996b@sentry.wixpress.com 605a7baede844d278b89dc95ae0a9123@sentry-next.wixpress.com core-js-bundle@3.2.1 8c4075d5481d476e945486754f783364@sentry.io react@18.3.1\TV\
allevamento shiba Inu Go Fudo Myoo\Viale Cipressi, 9, 36050 Cartigliano VI\https://www.fudomyooshiba.com/\320 403 6065\8eb368c655b84e029ed79ad7a5c1718e@sentry.wixpress.com 2062d0a4929b45348643784b5cb39c36@sentry.wixpress.com lodash@4.17.23 18d2f96d279149989b95faf0a4b41882@sentry-next.wixpress.com 78f7996315bc402f9dcb8a2f974b82d1@sentry.wixpress.com 460ff4620fa44cba8df530afde949785@sentry.wixpress.com react-dom@18.3.1 5d1795a2db124a268f1e1bd88f503500@sentry.wixpress.com 046c982186afa15dc9513490293d26b1@o37417.ingest.sentry.io dd0a55ccb8124b9c9d938e3acf41f8aa@sentry.wixpress.com rspack@1.6.8 marcodiliberto76@gmail.com focus-within-polyfill@5.0.9 271e9fa3230b4eec94b02bf95780f5f2@sentry.wixpress.com esempio@ilmiosito.com. intl-segmenter@11.7.10 c183baa23371454f99f417f6616b724d@sentry.wixpress.com ed436f5053144538958ad06a5005e99a@sentry.wixpress.com 88170cb0c9d64f94b5821ca7fd2d55a4@sentry-next.wixpress.com 9a65e97ebe8141fca0c4fd686f70996b@sentry.wixpress.com 605a7baede844d278b89dc95ae0a9123@sentry-next.wixpress.com core-js-bundle@3.2.1 8c4075d5481d476e945486754f783364@sentry.io react@18.3.1\VI\
Allevamento Maltesi di Maura\Via Chioggia, 76, 31030 Castello di Godego TV\http://www.maltesidimaura.it/\351 545 7776\info@maltesidimaura.it\TV\
Golden Retriever Delle Grandi Ombre\Via Enrico Fermi, 6, 37060 Buttapietra VR\http://www.dellegrandiombre.it/\045 666 1122\info@dellegrandiombre.it\VR\Sponsorizzato
Allevamento Bouledogue Francese De Valoisse - Allevamento Bouledogue Francese\Via Crosarazze, 31039 Riese Pio X TV\https://www.bulldog-francese.it/\333 152 6206\\TV\
