Golden Retriever Delle Grandi Ombre\Via Enrico Fermi, 6, 37060 Buttapietra VR\http://www.dellegrandiombre.it/\045 666 1122\info@dellegrandiombre.it\VR\Sponsorizzato
Casa Leon Allevamento amatoriale di Labrador Retriever\37100 Verona VR\https://mondo-zampa.com/allevamenti-cani/verona/casa-leon-allevamento-etico-di-labrador-retriever/\351 391 4006\\VR\
Signor Cucciolo - Allevamento Barboncini Toy e Maltipoo\Via Chiesa Volpino, 166, 37040 Verona VR\https://www.signorcucciolo.it/\376 152 6403\react-dom@18.3.1 intl-segmenter@11.7.10 ed436f5053144538958ad06a5005e99a@sentry.wixpress.com c183baa23371454f99f417f6616b724d@sentry.wixpress.com 2062d0a4929b45348643784b5cb39c36@sentry.wixpress.com dd0a55ccb8124b9c9d938e3acf41f8aa@sentry.wixpress.com 8eb368c655b84e029ed79ad7a5c1718e@sentry.wixpress.com rspack@1.6.8 9a65e97ebe8141fca0c4fd686f70996b@sentry.wixpress.com lodash@4.17.23 605a7baede844d278b89dc95ae0a9123@sentry-next.wixpress.com core-js-bundle@3.2.1 271e9fa3230b4eec94b02bf95780f5f2@sentry.wixpress.com 8c4075d5481d476e945486754f783364@sentry.io signorcucciolo@gmail.com 460ff4620fa44cba8df530afde949785@sentry.wixpress.com focus-within-polyfill@5.0.9 react@18.3.1\VR\
Rhodesian Ridgeback Allevamento professionale Rhodesian Italia- Tenuta Ermitage\Si riceve su appuntamento, Via Cengie di Sopra, 9, 37035 San Giovanni Ilarione VR\http://www.rhodesianitalia.it/\348 071 8272\info@rhodesianitalia.it\VR\
Allevamento Della Val Di Venere\Via Pantheon, 63, 37142 Verona VR\http://valdivenere.com/\347 846 3145\\VR\
Allevamento Casa HD Von Panty & BAUnty\Via Carlo Alberto, 44, 37062 Alpo VR\https://allevamentocasahdvonbaunty.com/\348 409 5905\\VR\
Allevamento Weimarrows\Contrada Barco, 3A, 37039 Tregnago VR\\331 920 3530\\VR\
Glock Pack - Allevamento cane lupo cescoslovacco\Via Bionde, a chievo, 51, 37139 Verona VR\http://www.glockpack.com/\348 086 5324\react-dom@18.3.1 intl-segmenter@11.7.10 8eb368c655b84e029ed79ad7a5c1718e@sentry.wixpress.com 2062d0a4929b45348643784b5cb39c36@sentry.wixpress.com lodash@4.17.23 rspack@1.6.8 605a7baede844d278b89dc95ae0a9123@sentry-next.wixpress.com core-js-bundle@3.2.1 info@glockpack.com focus-within-polyfill@5.0.9 react@18.3.1\VR\
Allevamento del Setter Inglese Fongaros\Via dei Frassini, 4, 37141 Verona VR\http://fongaros.it/\347 229 5022\\VR\
Allevamento sacri di birmania Ducato degli Arusnati\Via Valpolicella, 30, 37124 Verona VR\https://www.ducatoarusnati.it/\340 534 4846\\VR\
Allevamento amatoriale del Mamaor\Via Cappellin, 1, 37060 Sona VR\http://www.allevamentomamaor.it/\388 161 9958\\VR\
Allevamento Branco Peloso delle Nebbie (Bovaro del Bernese & Golden Retriever)\Via Presa, 3, 37042 Caldiero VR\https://www.brancopelosodellenebbie.it/\335 710 8789\brancopelosodellenebbie@gmail.com\VR\
BICHON HAVANAIS DELLA BOTTEGA FANTASTICA\Via Stazione, 25, 37014 Castelnuovo del Garda VR\http://www.bichonhavanais.it/\375 604 4405\\VR\
IL CASTELLO DORATO Allevamento Golden Retriever\Via Scandolaro, 5, 37035 San Giovanni Ilarione VR\http://www.ilcastellodorato.com/\336 866 787\react-dom@18.3.1 intl-segmenter@11.7.10 c183baa23371454f99f417f6616b724d@sentry.wixpress.com 8eb368c655b84e029ed79ad7a5c1718e@sentry.wixpress.com lodash@4.17.23 dd0a55ccb8124b9c9d938e3acf41f8aa@sentry.wixpress.com 88170cb0c9d64f94b5821ca7fd2d55a4@sentry-next.wixpress.com rspack@1.6.8 9a65e97ebe8141fca0c4fd686f70996b@sentry.wixpress.com 8c30b2581acc426badc414e8a5dc04ef@sentry.wixpress.com 605a7baede844d278b89dc95ae0a9123@sentry-next.wixpress.com core-js-bundle@3.2.1 8c4075d5481d476e945486754f783364@sentry.io focus-within-polyfill@5.0.9 react@18.3.1\VR\
Allevamento Selvaspina di Anna Albrigo\SP34b, 37024 Montecchio VR\http://www.selvaspina.it/\045 908606\pastore.maremmano@aruba.it\VR\
Allevamento Sinh's Ancestry Birmans Gatto Sacro Di Birmania di Paolettoni Massimiliano\Via C. Vendramini, 21, 37057 San Giovanni Lupatoto VR\http://www.sinhbirmans.eu/\339 177 6229\\VR\
Allevamento Santarellis\Via Del Industria, 102, 37066 Sommacampagna VR\\334 675 9195\\VR\
Allevamento Casa Nadia\Str. Bresciana, 68, 37139 Verona VR\\320 551 6516\\VR\
Allevamento Pappagalli Mille Colori\Via San Pietro, 10, 37030 Montecchia di Crosara VR\\389 608 3460\\VR\
Brooksfield Ship Allevamento di Chiara\Via Donizetti, 7, 37024 Montericco VR\https://www.sacro-di-birmania.com/\347 295 8500\\VR\
Azienda Agricola La Sorgente\Via Pontara Sandri, 8, 37132 Verona VR\https://aziendaagricolalasorgente.it/\335 376 814\pozzivalentina87@gmail.com\VR\
Allevamento Amatoriale di CA' DELSETTE\Via Cadelsette, 17, 37041 Albaredo d'Adige VR\\347 115 5357\\VR\
Lagotto Romagnolo delle Terre del Gua\Viale Venezia, 7, 37044 Cologna Veneta VR\http://delleterredelgua.it/\333 184 7946\\VR\
Labrador Retriever Fior d'Acqua\\\\\\
