Allevamento Vom Haus Schwalbe\Via Ca' Rossa, 10A, 35010 Limena PD\\331 400 7081\\PD\
Allevamento Pastore Tedesco e Barbone Toy e Nano Conte di Sarmano\Via Pisana, 18, 35010 Cadoneghe PD\https://www.contedisarmano.it/\049 701258\\PD\
Saint Mary Kennel - allevamento border collie\Via Madonnina, 1bis, 35142 Padova PD\http://www.saintmarybordercollie.com/\320 150 5029\react-dom@18.3.1 intl-segmenter@11.7.10 8eb368c655b84e029ed79ad7a5c1718e@sentry.wixpress.com 2062d0a4929b45348643784b5cb39c36@sentry.wixpress.com lodash@4.17.23 rspack@1.6.8 605a7baede844d278b89dc95ae0a9123@sentry-next.wixpress.com core-js-bundle@3.2.1 luigimantovan01@gmail.com focus-within-polyfill@5.0.9 react@18.3.1\PD\
Allevamento sparkjack\Via Sperona, 43a, 35020 Casalserugo PD\http://www.kennellsparkjack.it/\347 273 8266\\PD\
Allevamento Valle Agredo - Australian Shepherd e Labrador Retriever\Via Francesco Morosini, 36h, 35010 Loreggia PD\http://www.allevamentovalleagredo.it/\346 720 4624\societaagricolama.sia@gmail.com\PD\
Allevamento Pomerania e Chihuahua Dei Beddi Picciriddi\Via cavin di sala, 30036 Santa Maria di Sala VE\https://spitztedescopomeranian.com/allevamento-di-pomerania-in-veneto/\329 689 4815\\VE\
Allevamento Rottweiler Von Hause Leroy\Via Cristoforo Colombo, 10, 35010 San Giorgio delle Pertiche PD\http://www.vonhauseleroy.com/\392 731 0663\\PD\
Allevamento Amatoriale Doublechocolate Golden Retriever\Via P. Micca, 35, 35027 Noventa Padovana PD\http://doublechocolate.it/\329 311 9752\doublechocolateretriever@gmail.com\PD\
Ukiyo Kensha allevamento amatoriale Shiba Inu\Via Argine Basso, 7, 35016 Piazzola sul Brenta PD\http://www.ukiyokensha.com/\391 490 5587\8eb368c655b84e029ed79ad7a5c1718e@sentry.wixpress.com 2062d0a4929b45348643784b5cb39c36@sentry.wixpress.com lodash@4.17.23 78f7996315bc402f9dcb8a2f974b82d1@sentry.wixpress.com 460ff4620fa44cba8df530afde949785@sentry.wixpress.com react-dom@18.3.1 dd0a55ccb8124b9c9d938e3acf41f8aa@sentry.wixpress.com rspack@1.6.8 focus-within-polyfill@5.0.9 271e9fa3230b4eec94b02bf95780f5f2@sentry.wixpress.com intl-segmenter@11.7.10 c183baa23371454f99f417f6616b724d@sentry.wixpress.com ed436f5053144538958ad06a5005e99a@sentry.wixpress.com 9a65e97ebe8141fca0c4fd686f70996b@sentry.wixpress.com 605a7baede844d278b89dc95ae0a9123@sentry-next.wixpress.com core-js-bundle@3.2.1 8c4075d5481d476e945486754f783364@sentry.io ricc.griggio@gmail.com react@18.3.1\PD\
Allevamento Professionale Labrador LABFORDREAM\Via S. Gregorio Barbarigo, 18A, 35035 Mestrino PD\http://www.labfordream.it/\320 827 2819\vicedomini.angelica@pec.it info@labfordream.it\PD\
