Soligo Il Pollo Ruspante Roberto Soligo Azienda Agricola\84, Via Frattalunga, 31011 Case Sibillin TV\\0423 566382\\TV\
Emporio Avicolo snc - allevamento e vendita pulcini\Via S. Giuseppe, 6, 36049 Sovizzo VI\\0444 551270\\VI\
Allevamento Amatoriale I Pulcini di Gloria\Via Saccon di Lia I, 31043 Fontanelle TV\http://www.ipulcinidigloria.it/\334 162 6375\info@ipulcinidigloria.it\TV\
Societ Agricola Poli F.lli\37060 Gazzo Veronese VR\\0442 58239\\VR\
Ca' Rogiolo galline ornamentali\Via Dante, 61, 35016 Piazzola sul Brenta PD\http://carogiolo.it/\345 687 6825\giordyrossi@hotmail.it utente@dominio.com.\PD\
Az. Agricola e Allevamento PALIOTTO\Via Argine, 1094, 35040 Casale di Scodosia PD\\\\PD\
Societ Agricola Zanchetta F.lli\Via D. Alighieri, 78, 31037 Loria TV\http://www.agricolazanchetta.it/\0423 470351\\TV\
Il Pollo Veneto\Via Vergaglia, 56, 37040 Santo Stefano VR\\0442 490925\\VR\
Azienda Avicola il Gallese\Via Gallese, 39, 30037 Scorz VE\http://ilgallese.it/\041 445529\info@ilgallese.it avicolailgallese@postecert.it\VE\
Azienda Agricola Fratelli Gazzola\Via Borgo fagare' 12, 31040 Onigo di Pederobba TV\\0423 830851\\TV\
Azienda Avicola El Puner\Via Feltrina, 22, 32033 Anz BL\https://sites.google.com/view/az-agr-elpuner/home?authuser=0\351 396 2395\elpunerexport@gmail.com\BL\
Pagliarini Avicola\Via V. Emanuele II, 2112, 45034 Canaro RO\http://www.pagliariniavicola.it/\349 688 9809\azienda@pagliariniavicola.it leaflet@1.7.1\RO\
Azienda Agricola Scudellaro S.Agr.S.\Via Valli Pontecasale, 16, 35020 Candiana PD\http://www.scudellaro.it/\049 534 9944\\PD\
PODERE POZZATO DI POZZATO ANDREA AZIENDA AGRICOLA - ALLEVAMENTO GALLINA PADOVANA\Via S. Giovanni, 28, 35013 Cittadella PD\http://gallinapadovana.net/\329 105 2158\info@gallinapadovana.net\PD\
ALLEVAMENTO INTENSIVO POLLI 1\Via Alessandria, 45019 Taglio di Po RO\\\\RO\
Azienda Agricola e allevamento Sabadin Michele\Via Treviso, 5, 30020 Marcon VE\\339 194 7010\\VE\
Azienda Agricola Carli Luciano\Via Settimo, 19, 36040 Grumolo delle Abbadesse VI\https://www.aziendaagricolacarliluciano.it/\347 411 4400\azagrcarliluciano@gmail.com\VI\
Societa' Agricola De Marchi\Via Sabbionara, 1651, 35040 Merlara PD\https://www.ilcortiledemarchi.it/\0429 85468\\PD\
Societ Agricola Barison Paolo S.S.\Via Moratti, 1, 35010 Borgoricco PD\http://www.barison.bio/\049 579 8069\bootstrap@5.0.2 info@barison.bio\PD\
Ditta Mattiuzzo Giuseppe\Via Tabina, 48, 30027 San Don di Piave VE\http://www.mattiuzzogiuseppe.it/\338 996 1358\\VE\
Gusella Licinio\Via XXVIII Aprile, 2128, 35046 Santa Margherita D'adige PD\\0429 86101\\PD\
Allevamento Pinton Di Quaglio Donatella\Via XX Settembre, 13, 35010 Vigonza PD\\348 264 4311\\PD\
Az.Agr. Vallenzai\Via Marcador, 173A, 32026 Vallenzai BL\http://www.aziendaagricolavallenzai.it/\347 399 8365\az.agr.vallenzai@gmail.com\BL\
Commercio Avicolo Fratelli Bertazzo di Massimo & Giancarlo Snc\Via C Bonetti, 6H, 35043 Monselice PD\https://avicolabertazzo.it/\0429 74242\avicolabertazzo@gmail.com\PD\
Gava Pollami\Via Nazionale, 24, 31010 Godega di Sant'Urbano TV\\0438 38237\\TV\
Azienda Agriavicola Le Vall\Via Cal del Grot, 8, 31049 Valdobbiadene TV\\0423 900140\\TV\
Allevamento Avicolo Monizza Giovanni & Figli\Via Cavour, 43, 25010 Isorella BS\\030 995 8134\\BS\
Valerio Luigino E Fratelli S.S.\Via Bassanese Superiore, 6, 36050 Pozzoleone VI\\0444 462357\\VI\
Polli Ornamentali Farm\Via Scapacchi Ovest, 60, 35030 Saccolongo PD\\351 519 3337\\PD\
Azienda Agricola Noi e la Natura\Via Margherita, 1, 26048 Sospiro CR\http://www.noielanatura.it/\0372 621368\\CR\
Societ.Agricola Garzotto\Via Sabbioni, 88, 36026 Pojana Maggiore VI\https://azagricolagarzottocatia.it/\320 119 2649\\VI\
Allevamento Campana Piccola\Via Campedello, 37, 43018 Trecasali PR\\\\PR\
Societ Agricola M.I.D.A\Via Beviera, 31, 42011 Ponte Beviera RE\\333 410 5421\\RE\
Maccaferri Gianni\41016 Novi di Modena MO\\059 678 8619\\MO\
Agricola Cristofoli Vendita Animali da Cortile\Via Rovere, 15, 37060 Nogarole Rocca VR\\349 456 5921\\VR\
Azienda avicola\36050 Pozzoleone VI\\\\VI\
Azienda Avicola Pollinari\Via San, Via Antonio da Legnago, 5, 37141 Verona VR\\339 462 3441\\VR\
