Allevamento dell'Ertanova di Signori Giorgio\Via del Molino, 291, 31030 Caselle TV\http://ertanova.it/\328 142 2874\info@ertanova.it\TV\
Allevamento Boxer Della Valle dei Sensi\Via Brioni, 29, 31030 San Vito TV\http://www.allevamentodellavalledeisensi.com/\334 301 0438\\TV\
Allevamento Veneta Zoo dal 1970 Affisso Enci di Casa Pasin\Via Sassi, 25A, 31021 Mogliano Veneto TV\https://www.venetazoo.com/\347 966 8298\info@venetazoo.com\TV\
Allevamento Ambra Selvaggia\Via Molino, 4, 31050 Vedelago TV\http://www.ambraselvaggia.com/\348 361 6700\\TV\
Big Show Allevamento\Via Feltrina Sud, 224, 31044 Montebelluna TV\https://bigshowdogs.wixsite.com/home\392 263 7336\react-dom@18.3.1 intl-segmenter@11.7.10 c183baa23371454f99f417f6616b724d@sentry.wixpress.com 8eb368c655b84e029ed79ad7a5c1718e@sentry.wixpress.com lodash@4.17.23 dd0a55ccb8124b9c9d938e3acf41f8aa@sentry.wixpress.com rspack@1.6.8 605a7baede844d278b89dc95ae0a9123@sentry-next.wixpress.com BIGSHOWDOGS@LIVE.COM core-js-bundle@3.2.1 focus-within-polyfill@5.0.9 react@18.3.1\TV\
Allevamento Favole Bianca e Bernie\Via Borgo Zucco, 46D, 36056 Tezze sul Brenta VI\http://www.allevamentobiancaebernie.com/\389 808 9895\lefavoledibiancaebernie@gmail.com\VI\
Allevamento Maltesi di Maura\Via Chioggia, 76, 31030 Castello di Godego TV\http://www.maltesidimaura.it/\351 545 7776\info@maltesidimaura.it\TV\
Allevamento Amatoriale Jack Russell di casa Marchioretto\Via Casoni, 31, 31039 Vall TV\\333 365 2975\\TV\
Allevamento Magicollection\Via delle Orchidee, 43, 36061 Bassano del Grappa VI\http://www.magicollection.it/\328 812 6252\info@magicollection.it\VI\
Allevamento Rottweiler Vom Acelum\Via Lisbona, 7A, 31044 Montebelluna TV\\\\TV\
Allevamento Pomerania e Chihuahua Dei Beddi Picciriddi\Via cavin di sala, 30036 Santa Maria di Sala VE\https://spitztedescopomeranian.com/allevamento-di-pomerania-in-veneto/\329 689 4815\\VE\
allevamento Border Collie Casa Tonini\Via Postumia Ovest, 58, 31048 San Biagio di Callalta TV\https://www.casatonini.com/\348 927 9978\\TV\
Indiana Labradors - Allevamento Etico del Labrador Retriever\Via Cavaccina, 8, 35019 Tombolo PD\http://indianalabradors.it/\348 712 8415\\PD\
Allevamento Del Lupo Dee Visse\Via Campagnola, 76a, 31020 Villorba TV\http://lupocecoslovaccoveneto.it/\366 673 5886\illupodeevisse@gmail.com\TV\
Allevamento Dell'Antica Abbazia\Via Str. Militare, 26, 35010 Villa del Conte PD\\340 412 7833\\PD\
Casa Delicia Allevamento Labrador\Via Pal, 7, 31023 Resana TV\https://www.casadelicia.it/\347 910 5727\\TV\
Allevamento Casa Donna Vittoria  E.N.C.I - A.N.F.I.  Allevatore Treviso Nervesa della Battaglia\Via Santi, 1, 31027 Nervesa della Battaglia TV\http://www.casadonnavittoria.it/\347 491 7587\\TV\
Allevamento Ryujin Shiba  Allevamento Shiba Inu\Via Castellana, 3A, 31038 Paese TV\http://www.ryujin.it/\349 831 3756\info@ryujin.it\TV\
Allevamento Rottweiler Dell'Iride Nera\Via Postioma, 26, 31040 Musano TV\https://www.delliridenera.it/\338 747 8586\\TV\
Allevamento Amatoriale del Pastore Tedesco\Via Bassanese, 61, 31037 Loria TV\http://www.canepastore.com/?utm_source=google&utm_medium=wix_google_business_profile&utm_campaign=4329674800522928684\340 085 4144\8eb368c655b84e029ed79ad7a5c1718e@sentry.wixpress.com 2062d0a4929b45348643784b5cb39c36@sentry.wixpress.com lodash@4.17.23 78f7996315bc402f9dcb8a2f974b82d1@sentry.wixpress.com 460ff4620fa44cba8df530afde949785@sentry.wixpress.com react-dom@18.3.1 dd0a55ccb8124b9c9d938e3acf41f8aa@sentry.wixpress.com rspack@1.6.8 c098db2425c540d3982e073ae7fc4c9a@sentry.wixpress.com focus-within-polyfill@5.0.9 bcea6319e2dd4b1aaecfde5bec98f9ed@sentry.wixpress.com 271e9fa3230b4eec94b02bf95780f5f2@sentry.wixpress.com info@canepastore.com intl-segmenter@11.7.10 c183baa23371454f99f417f6616b724d@sentry.wixpress.com ed436f5053144538958ad06a5005e99a@sentry.wixpress.com 9a65e97ebe8141fca0c4fd686f70996b@sentry.wixpress.com 605a7baede844d278b89dc95ae0a9123@sentry-next.wixpress.com core-js-bundle@3.2.1 8c4075d5481d476e945486754f783364@sentry.io react@18.3.1\TV\
Allevamento di gatti siberiani Impero Siberiano\Via Ca' Amata, 2A, 31030 Riese Pio X TV\http://www.imperosiberiano.eu/\329 407 2733\elena@imperosiberiano.eu\TV\
Centro Cinofilo IL GRIGIO - Allevamento Golden Retriever & Australian Shepherd\Via Don P. Andolfatto, 70, 36022 Cassola VI\http://centrocinofiloilgrigio.it/\339 750 4284\centrocinofiloilgrigio@gmail.com\VI\
Allevamento Sportivo Amatoriale di Chiara Sorgente\Via Scandolara, 99A, 31059 Zero Branco TV\\329 126 4492\\TV\
Ginevra Dell'Abbazia Allevamento Ufficiale F.C.I. E.N.C.I. Pastore Tedesco\Via Alessandro Platone, 9, 31040 Nervesa della Battaglia TV\https://ginevradellabbazia.it/\348 352 0278\\TV\
Allevamento Bouledogue Francese De Valoisse - Allevamento Bouledogue Francese\Via Crosarazze, 31039 Riese Pio X TV\https://www.bulldog-francese.it/\333 152 6206\\TV\
