Allevamento Boxer Della Valle dei Sensi\Via Brioni, 29, 31030 San Vito TV\http://www.allevamentodellavalledeisensi.com/\334 301 0438\\TV\
Allevamento Ryujin Shiba  Allevamento Shiba Inu\Via Castellana, 3A, 31038 Paese TV\http://www.ryujin.it/\349 831 3756\info@ryujin.it\TV\
Big Show Allevamento\Via Feltrina Sud, 224, 31044 Montebelluna TV\https://bigshowdogs.wixsite.com/home\392 263 7336\react-dom@18.3.1 intl-segmenter@11.7.10 c183baa23371454f99f417f6616b724d@sentry.wixpress.com 8eb368c655b84e029ed79ad7a5c1718e@sentry.wixpress.com lodash@4.17.23 dd0a55ccb8124b9c9d938e3acf41f8aa@sentry.wixpress.com rspack@1.6.8 605a7baede844d278b89dc95ae0a9123@sentry-next.wixpress.com BIGSHOWDOGS@LIVE.COM core-js-bundle@3.2.1 focus-within-polyfill@5.0.9 react@18.3.1\TV\
Allevamento Veneta Zoo dal 1970 Affisso Enci di Casa Pasin\Via Sassi, 25A, 31021 Mogliano Veneto TV\https://www.venetazoo.com/\347 966 8298\info@venetazoo.com\TV\
Allevamento dell'Ertanova di Signori Giorgio\Via del Molino, 291, 31030 Caselle TV\http://ertanova.it/\328 142 2874\info@ertanova.it\TV\
Allevamento Casa Donna Vittoria  E.N.C.I - A.N.F.I.  Allevatore Treviso Nervesa della Battaglia\Via Santi, 1, 31027 Nervesa della Battaglia TV\http://www.casadonnavittoria.it/\347 491 7587\\TV\
allevamento Border Collie Casa Tonini\Via Postumia Ovest, 58, 31048 San Biagio di Callalta TV\https://www.casatonini.com/\348 927 9978\\TV\
Allevamento Del Lupo Dee Visse\Via Campagnola, 76a, 31020 Villorba TV\http://lupocecoslovaccoveneto.it/\366 673 5886\illupodeevisse@gmail.com\TV\
Allevamento Ambra Selvaggia\Via Molino, 4, 31050 Vedelago TV\http://www.ambraselvaggia.com/\348 361 6700\\TV\
Allevamento Rottweiler Dell'Iride Nera\Via Postioma, 26, 31040 Musano TV\https://www.delliridenera.it/\338 747 8586\\TV\
Allevamento Maltesi di Maura\Via Chioggia, 76, 31030 Castello di Godego TV\http://www.maltesidimaura.it/\351 545 7776\info@maltesidimaura.it\TV\
Casa Delicia Allevamento Labrador\Via Pal, 7, 31023 Resana TV\https://www.casadelicia.it/\347 910 5727\\TV\
Allevamento Amatoriale Gatti Norvegesi delle Foreste dei Gatti Vikinghi\Via Filippo Corridoni, 11, 31050 Vascon TV\https://gattivikinghi.net/\346 476 5689\\TV\
SHIBA INU ALLEVAMENTO delle VOLPI NIPPONICHE - TREVISO - VENETO\Via Tamagne, 31100 Ormelle TV\\351 740 3879\\TV\
Allevamento Maltese SinphonyofVenice\Via Primo Maggio, 108, 31030 Carbonera TV\\347 068 6652\\TV\
Allevamento New Dream's Border  Border Collie e Miniature American Shepherd\Via Isola, 42, 31050 Zenson di Piave TV\https://www.newdreamsborder.it/\388 146 4725\react-dom@18.3.1 intl-segmenter@11.7.10 1eeb89147c984dc6bc3ffafd9e6cd089@sentry.wixpress.com 8eb368c655b84e029ed79ad7a5c1718e@sentry.wixpress.com lodash@4.17.23 rspack@1.6.8 dreamsborder@gmail.com 605a7baede844d278b89dc95ae0a9123@sentry-next.wixpress.com core-js-bundle@3.2.1 focus-within-polyfill@5.0.9 react@18.3.1\TV\
Allevamento Rottweiler Vom Acelum\Via Lisbona, 7A, 31044 Montebelluna TV\\\\TV\
Allevamenti di Casa Monteldiana\\\\\\
Allevamento Amatoriale Jack Russell di casa Marchioretto\Via Casoni, 31, 31039 Vall TV\\333 365 2975\\TV\
Allevamento Sportivo Amatoriale di Chiara Sorgente\Via Scandolara, 99A, 31059 Zero Branco TV\\329 126 4492\\TV\
Allevamento Bouledogue Francese De Valoisse - Allevamento Bouledogue Francese\Via Crosarazze, 31039 Riese Pio X TV\https://www.bulldog-francese.it/\333 152 6206\\TV\
Allevamento Amatoriale del Pastore Tedesco\Via Bassanese, 61, 31037 Loria TV\http://www.canepastore.com/?utm_source=google&utm_medium=wix_google_business_profile&utm_campaign=4329674800522928684\340 085 4144\8eb368c655b84e029ed79ad7a5c1718e@sentry.wixpress.com 2062d0a4929b45348643784b5cb39c36@sentry.wixpress.com lodash@4.17.23 78f7996315bc402f9dcb8a2f974b82d1@sentry.wixpress.com 460ff4620fa44cba8df530afde949785@sentry.wixpress.com react-dom@18.3.1 dd0a55ccb8124b9c9d938e3acf41f8aa@sentry.wixpress.com rspack@1.6.8 c098db2425c540d3982e073ae7fc4c9a@sentry.wixpress.com focus-within-polyfill@5.0.9 bcea6319e2dd4b1aaecfde5bec98f9ed@sentry.wixpress.com 271e9fa3230b4eec94b02bf95780f5f2@sentry.wixpress.com info@canepastore.com intl-segmenter@11.7.10 c183baa23371454f99f417f6616b724d@sentry.wixpress.com ed436f5053144538958ad06a5005e99a@sentry.wixpress.com 9a65e97ebe8141fca0c4fd686f70996b@sentry.wixpress.com 605a7baede844d278b89dc95ae0a9123@sentry-next.wixpress.com core-js-bundle@3.2.1 8c4075d5481d476e945486754f783364@sentry.io react@18.3.1\TV\
VILLA CONTE\Via Enrico Fermi, 8A, 31050 Vedelago TV\http://villaconte.it/\339 441 1204\\TV\
Beagle Col Dell'angela\Via Costa Mattia, 10, 31010 Monfumo TV\http://www.coldellangela.it/\0423 560141\info@coldellangela.it\TV\
Allevamento Golden Retriever Aupa\Via Schiavonesca Vecchia, 31040 Trevignano TV\https://www.aupagoldenretriever.com/\347 318 9740\\TV\
Allevamento Pastori Tedeschi del Colmello Montelliano\V. Signoressa, 10, 31031 Signoressa TV\https://www.allevamentocolmellomontelliano.com/\349 303 3086\\TV\
Allevamento del Colle Ombroso\Tezze, di, Via Duca D'Aosta, 25, 31028 Vazzola TV\http://www.colleombroso.it/\335 759 0930\it.colleombroso@libero.it\TV\
Villa Villacolle Allevamento Cocker spaniel inglese, Yorkshire\Via General Vaccari, 20, 31035 Crocetta del Montello TV\http://www.villacolle.com/\333 109 0970\\TV\
Allevamento conigli ariete nano Oasi Happy Bunny\Via Croce, 33, 31050 Santandr TV\http://www.oasihappybunny.it/\\\TV\
Allevamento Cocker Aupa\Via Schiavonesca Vecchia, 31040 Signoressa TV\https://www.aupacockerspaniel.com/\349 456 8216\\TV\
Pastore Tedesco Grigione\Via Ivo Lollini, 22, 31035 Ciano TV\\347 616 0837\\TV\
Allevamento Del Gupo\Via P. Gobetti, 3, 31040 Trevignano TV\http://www.allevamentodelgupo.com/\0423 670527\\TV\
Soligo Il Pollo Ruspante Roberto Soligo Azienda Agricola\84, Via Frattalunga, 31011 Case Sibillin TV\\0423 566382\\TV\
TROTICOLTURA SANTA CRISTINA\Via Chiesa Vecchia, 14, 31055 Santa Cristina TV\https://www.facebook.com/share/1ATccpmTWy/\0422 379142\\TV\
A-mici di Chiara allevamento gatti Siberiani\Via della Repubblica, 31057 Silea TV\https://www.a-micidichiara.it/\393 673 0024\\TV\
TROTA OASI SILE di Emanuele Durigon - Allevamento di trote e lavorazione pesce a S. Cristina\Via Cornarotta, 52, 31055 Quinto di Treviso TV\http://www.emanueledurigon.it/\0422 470018\\TV\
Allevamento cane Bassethound Kuorii\Via Giuseppe Mancino, 31040 Giavera del Montello TV\https://bassethound-kuorii.com/\0422 771315\\TV\
Dobermann Di C Vigna\Via Casaria, 2, 31056 Roncade TV\https://www.facebook.com/allevamento.cavigna/\347 979 0061\\TV\
Allevamento Biancarota\Via Manlio Feruglio, 15, 31022 Preganziol TV\http://www.allevamentobiancarota.it/\347 233 1806\richieste@allevamentobiancarota.it\TV\
Allevamento Pesce\Via Chiesa Vecchia, 14, 31055 Quinto di Treviso TV\\\\TV\
La mia tartaruga per te - Allevamento amatoriale di Renato Gobbetto\Via Giovan Battista Mandruzzato, 11, 31100 Treviso TV\\335 694 5754\\TV\
Allevamento di Pesci Itticoltura Tonini Treviso\Via Sergente Massimiliano Davanzo, 42, 31030 Saletto-San Bartolomeo TV\https://itticolturatonini.it/\347 424 0588\\TV\
Fairy Dynasty Kennel - Allevamento Border Collie\Via Postioma, 23A, 31020 Lancenigo TV\https://www.facebook.com/Fairy-Dynasty-Kennel-Centro-Cinofilo-235966556972906\349 461 2515\\TV\
AL CORNOER\Via dei Rizzi, 31010 Maser TV\https://alcornoer.wixsite.com/azienda-agricola\347 626 3797\8eb368c655b84e029ed79ad7a5c1718e@sentry.wixpress.com 2062d0a4929b45348643784b5cb39c36@sentry.wixpress.com lodash@4.17.23 18d2f96d279149989b95faf0a4b41882@sentry-next.wixpress.com 78f7996315bc402f9dcb8a2f974b82d1@sentry.wixpress.com 460ff4620fa44cba8df530afde949785@sentry.wixpress.com react-dom@18.3.1 5d1795a2db124a268f1e1bd88f503500@sentry.wixpress.com rspack@1.6.8 focus-within-polyfill@5.0.9 271e9fa3230b4eec94b02bf95780f5f2@sentry.wixpress.com alcornoer@gmail.com intl-segmenter@11.7.10 ed436f5053144538958ad06a5005e99a@sentry.wixpress.com 9a65e97ebe8141fca0c4fd686f70996b@sentry.wixpress.com 605a7baede844d278b89dc95ae0a9123@sentry-next.wixpress.com core-js-bundle@3.2.1 8c4075d5481d476e945486754f783364@sentry.io react@18.3.1\TV\
Allevamento conigli nani\Via di Sant'Angelo, 31100 Treviso TV\https://www.allevamentolaghianda.it/\\info@allevamentolaghianda.it\TV\
Allevamento del Gupo\Via G. Garibaldi, 65, 31040 Trevignano TV\http://www.allevamentodelgupo.com/\0423 670527\\TV\
Allevamento Casavecia\Via Pantiera, 23, 31057 Silea TV\\340 051 5685\\TV\
Allevamento Cane Lupo Cecoslovacco Dei Serlupi\Via Colombera, 12, 31020 Falz di Piave TV\https://allevamentocanelupocecoslovacco.deiserlupi.com/2025/06/cucciolata-estate-2025.html?m=1&fbclid=PAQ0xDSwLZHTtleHRuA2FlbQIxMAABp93q9eMHMP7MA5Lowa0Rn6ouXRkD47PZSGHmeIKs_5e4_1kaW5S5j0Y4jZ4Z_aem_7hKqgMqo4rUJyfz4Jh00qg\331 828 1040\\TV\
 LINWOOD GOLDEN RETRIEVERS  Allevamento Golden Retrievers riconosciuto ENCI e FCI\Via S. Pio X, 31056 Roncade TV\http://www.linwood.eu/\338 267 5871\linwood.goldenretrievers@gmail.com\TV\
Avicola Bianchi Rally di Bianchi Gianni\Via dei Prati, 7, 31010 Maser TV\\0423 925835\\TV\
Allevamento Pastore Tedesco di Casa Montello\Schiavonesca Vecchia, 73, 31040 Selva del Montello TV\\345 695 2512\\TV\
Allevamento Bassotti Regina Cornaro\Via delle Baldane, 7, 30020 Meolo VE\http://allevamentobassottireginacornaro.it/\340 099 3107\info@allevamentobassottireginacornaro.it\VE\
Gruppo Colombofilo di Treviso Societ Piave\Via Sant'Antonino, 224, 31100 Treviso TV\\0422 321877\\TV\
Allevamento Cani Regina di Renzo De Nardi\LOCALITA' MARZER 5, 31030 Cison di Valmarino TV\https://allevamentoregina.com/\388 118 6422\\TV\
Glenheart Caledony Allevamento Shetland Sheepdog\Via Preda, 21, 31050 Monastier di Treviso TV\https://www.instagram.com/pastore.shetland/\347 101 4823\\TV\
Allevamento Amatoriale I Pulcini di Gloria\Via Saccon di Lia I, 31043 Fontanelle TV\http://www.ipulcinidigloria.it/\334 162 6375\info@ipulcinidigloria.it\TV\
Allevamento Pappagalli Angelica Treviso (Tv)\Via del Lavoro, N6, 31030 Breda di Piave TV\\340 256 5496\\TV\
Allevamento di Casa de Troi\Via Adriatica, 35, 31020 San Vendemiano TV\https://www.allevamentodicasadetroi.com/?utm_source=google&utm_medium=wix_google_business_profile&utm_campaign=2029184407318872010\347 754 8813\react-dom@18.3.1 intl-segmenter@11.7.10 c183baa23371454f99f417f6616b724d@sentry.wixpress.com allevamentodicasadetroi@gmail.com 8eb368c655b84e029ed79ad7a5c1718e@sentry.wixpress.com dd0a55ccb8124b9c9d938e3acf41f8aa@sentry.wixpress.com lodash@4.17.23 rspack@1.6.8 email@example.com 605a7baede844d278b89dc95ae0a9123@sentry-next.wixpress.com core-js-bundle@3.2.1 8c4075d5481d476e945486754f783364@sentry.io focus-within-polyfill@5.0.9 react@18.3.1\TV\
Le Noghere - Fattoria\Via Pola, 5, 31020 Villorba TV\http://alpaca-treviso.it/\\le-noghere-allevamento-alpaca@2x.png info@lenoghere.it\TV\
Hillcon's bulldogs Allevamento Bouledogue Francese a Treviso\Via Podgora, 31015 Conegliano TV\http://www.bulldogs.it/\347 302 5312\\TV\
