Il Mannarino Verona\Via Pellicciai, 20, 37121 Verona VR\https://www.ilmannarino.it/\045 961 4759\alessandria@ilmannarino.it navigli@ilmannarino.it saronno@ilmannarino.it torino4marzo@ilmannarino.it arcore@ilmannarino.it genova@ilmannarino.it deangeli@ilmannarino.it bergamo@ilmannarino.it Citylife@ilmannarino.it verona@ilmannarino.it rimini@ilmannarino.it como@ilmannarino.it modena@ilmannarino.it novara@ilmannarino.it alassio@ilmannarino.it busto@ilmannarino.it fiamma@ilmannarino.it reggioemilia@ilmannarino.it torino@ilmannarino.it seregno@ilmannarino.it tenca@ilmannarino.it merlata@ilmannarino.it varese@ilmannarino.it assistenza@ilmannarino.it slick-carousel@1.8.1 brescia@ilmannarino.it ilmannarino@pec.it\VR\
\Via Pellicciai, 20, 37121 Verona VR\https://www.ilmannarino.it/\045 961 4759\alessandria@ilmannarino.it navigli@ilmannarino.it saronno@ilmannarino.it torino4marzo@ilmannarino.it arcore@ilmannarino.it genova@ilmannarino.it deangeli@ilmannarino.it bergamo@ilmannarino.it Citylife@ilmannarino.it verona@ilmannarino.it rimini@ilmannarino.it como@ilmannarino.it modena@ilmannarino.it novara@ilmannarino.it alassio@ilmannarino.it busto@ilmannarino.it fiamma@ilmannarino.it reggioemilia@ilmannarino.it torino@ilmannarino.it seregno@ilmannarino.it tenca@ilmannarino.it merlata@ilmannarino.it varese@ilmannarino.it assistenza@ilmannarino.it slick-carousel@1.8.1 brescia@ilmannarino.it ilmannarino@pec.it\VR\Il Mannarino Verona
Spaccio San Massimo Srl\Via Pellicciai, 20, 37121 Verona VR\https://www.ilmannarino.it/\045 961 4759\alessandria@ilmannarino.it navigli@ilmannarino.it saronno@ilmannarino.it torino4marzo@ilmannarino.it arcore@ilmannarino.it genova@ilmannarino.it deangeli@ilmannarino.it bergamo@ilmannarino.it Citylife@ilmannarino.it verona@ilmannarino.it rimini@ilmannarino.it como@ilmannarino.it modena@ilmannarino.it novara@ilmannarino.it alassio@ilmannarino.it busto@ilmannarino.it fiamma@ilmannarino.it reggioemilia@ilmannarino.it torino@ilmannarino.it seregno@ilmannarino.it tenca@ilmannarino.it merlata@ilmannarino.it varese@ilmannarino.it assistenza@ilmannarino.it slick-carousel@1.8.1 brescia@ilmannarino.it ilmannarino@pec.it\VR\Il Mannarino Verona
Macelleria Essegi Snc Di Girelli Alessandro e Gianluca\Via Pellicciai, 20, 37121 Verona VR\https://www.ilmannarino.it/\045 961 4759\alessandria@ilmannarino.it navigli@ilmannarino.it saronno@ilmannarino.it torino4marzo@ilmannarino.it arcore@ilmannarino.it genova@ilmannarino.it deangeli@ilmannarino.it bergamo@ilmannarino.it Citylife@ilmannarino.it verona@ilmannarino.it rimini@ilmannarino.it como@ilmannarino.it modena@ilmannarino.it novara@ilmannarino.it alassio@ilmannarino.it busto@ilmannarino.it fiamma@ilmannarino.it reggioemilia@ilmannarino.it torino@ilmannarino.it seregno@ilmannarino.it tenca@ilmannarino.it merlata@ilmannarino.it varese@ilmannarino.it assistenza@ilmannarino.it slick-carousel@1.8.1 brescia@ilmannarino.it ilmannarino@pec.it\VR\Il Mannarino Verona
Bottega Della Carne Di Freoni Giuseppe\Via Pellicciai, 20, 37121 Verona VR\https://www.ilmannarino.it/\045 961 4759\alessandria@ilmannarino.it navigli@ilmannarino.it saronno@ilmannarino.it torino4marzo@ilmannarino.it arcore@ilmannarino.it genova@ilmannarino.it deangeli@ilmannarino.it bergamo@ilmannarino.it Citylife@ilmannarino.it verona@ilmannarino.it rimini@ilmannarino.it como@ilmannarino.it modena@ilmannarino.it novara@ilmannarino.it alassio@ilmannarino.it busto@ilmannarino.it fiamma@ilmannarino.it reggioemilia@ilmannarino.it torino@ilmannarino.it seregno@ilmannarino.it tenca@ilmannarino.it merlata@ilmannarino.it varese@ilmannarino.it assistenza@ilmannarino.it slick-carousel@1.8.1 brescia@ilmannarino.it ilmannarino@pec.it\VR\Il Mannarino Verona
La Botegheta della Carne\Via Pellicciai, 20, 37121 Verona VR\https://www.ilmannarino.it/\045 961 4759\alessandria@ilmannarino.it navigli@ilmannarino.it saronno@ilmannarino.it torino4marzo@ilmannarino.it arcore@ilmannarino.it genova@ilmannarino.it deangeli@ilmannarino.it bergamo@ilmannarino.it Citylife@ilmannarino.it verona@ilmannarino.it rimini@ilmannarino.it como@ilmannarino.it modena@ilmannarino.it novara@ilmannarino.it alassio@ilmannarino.it busto@ilmannarino.it fiamma@ilmannarino.it reggioemilia@ilmannarino.it torino@ilmannarino.it seregno@ilmannarino.it tenca@ilmannarino.it merlata@ilmannarino.it varese@ilmannarino.it assistenza@ilmannarino.it slick-carousel@1.8.1 brescia@ilmannarino.it ilmannarino@pec.it\VR\Il Mannarino Verona
Macelleria Carlo Alberto - La Macelleria\Via Pellicciai, 20, 37121 Verona VR\https://www.ilmannarino.it/\045 961 4759\alessandria@ilmannarino.it navigli@ilmannarino.it saronno@ilmannarino.it torino4marzo@ilmannarino.it arcore@ilmannarino.it genova@ilmannarino.it deangeli@ilmannarino.it bergamo@ilmannarino.it Citylife@ilmannarino.it verona@ilmannarino.it rimini@ilmannarino.it como@ilmannarino.it modena@ilmannarino.it novara@ilmannarino.it alassio@ilmannarino.it busto@ilmannarino.it fiamma@ilmannarino.it reggioemilia@ilmannarino.it torino@ilmannarino.it seregno@ilmannarino.it tenca@ilmannarino.it merlata@ilmannarino.it varese@ilmannarino.it assistenza@ilmannarino.it slick-carousel@1.8.1 brescia@ilmannarino.it ilmannarino@pec.it\VR\Il Mannarino Verona
Macelleria Biologica Natura & Gusto di Zanca Federico - carneSi\Via Pellicciai, 20, 37121 Verona VR\https://www.ilmannarino.it/\045 961 4759\alessandria@ilmannarino.it navigli@ilmannarino.it saronno@ilmannarino.it torino4marzo@ilmannarino.it arcore@ilmannarino.it genova@ilmannarino.it deangeli@ilmannarino.it bergamo@ilmannarino.it Citylife@ilmannarino.it verona@ilmannarino.it rimini@ilmannarino.it como@ilmannarino.it modena@ilmannarino.it novara@ilmannarino.it alassio@ilmannarino.it busto@ilmannarino.it fiamma@ilmannarino.it reggioemilia@ilmannarino.it torino@ilmannarino.it seregno@ilmannarino.it tenca@ilmannarino.it merlata@ilmannarino.it varese@ilmannarino.it assistenza@ilmannarino.it slick-carousel@1.8.1 brescia@ilmannarino.it ilmannarino@pec.it\VR\Il Mannarino Verona
Butcher Verona\Via Pellicciai, 20, 37121 Verona VR\https://www.ilmannarino.it/\045 961 4759\alessandria@ilmannarino.it navigli@ilmannarino.it saronno@ilmannarino.it torino4marzo@ilmannarino.it arcore@ilmannarino.it genova@ilmannarino.it deangeli@ilmannarino.it bergamo@ilmannarino.it Citylife@ilmannarino.it verona@ilmannarino.it rimini@ilmannarino.it como@ilmannarino.it modena@ilmannarino.it novara@ilmannarino.it alassio@ilmannarino.it busto@ilmannarino.it fiamma@ilmannarino.it reggioemilia@ilmannarino.it torino@ilmannarino.it seregno@ilmannarino.it tenca@ilmannarino.it merlata@ilmannarino.it varese@ilmannarino.it assistenza@ilmannarino.it slick-carousel@1.8.1 brescia@ilmannarino.it ilmannarino@pec.it\VR\Il Mannarino Verona
Macelleria Carlo Alberto - La Bottega di Verona\Via Pellicciai, 20, 37121 Verona VR\https://www.ilmannarino.it/\045 961 4759\alessandria@ilmannarino.it navigli@ilmannarino.it saronno@ilmannarino.it torino4marzo@ilmannarino.it arcore@ilmannarino.it genova@ilmannarino.it deangeli@ilmannarino.it bergamo@ilmannarino.it Citylife@ilmannarino.it verona@ilmannarino.it rimini@ilmannarino.it como@ilmannarino.it modena@ilmannarino.it novara@ilmannarino.it alassio@ilmannarino.it busto@ilmannarino.it fiamma@ilmannarino.it reggioemilia@ilmannarino.it torino@ilmannarino.it seregno@ilmannarino.it tenca@ilmannarino.it merlata@ilmannarino.it varese@ilmannarino.it assistenza@ilmannarino.it slick-carousel@1.8.1 brescia@ilmannarino.it ilmannarino@pec.it\VR\Il Mannarino Verona
Macelleria Equina Giorgio e Lorenzo Avesani\Via Pellicciai, 20, 37121 Verona VR\https://www.ilmannarino.it/\045 961 4759\alessandria@ilmannarino.it navigli@ilmannarino.it saronno@ilmannarino.it torino4marzo@ilmannarino.it arcore@ilmannarino.it genova@ilmannarino.it deangeli@ilmannarino.it bergamo@ilmannarino.it Citylife@ilmannarino.it verona@ilmannarino.it rimini@ilmannarino.it como@ilmannarino.it modena@ilmannarino.it novara@ilmannarino.it alassio@ilmannarino.it busto@ilmannarino.it fiamma@ilmannarino.it reggioemilia@ilmannarino.it torino@ilmannarino.it seregno@ilmannarino.it tenca@ilmannarino.it merlata@ilmannarino.it varese@ilmannarino.it assistenza@ilmannarino.it slick-carousel@1.8.1 brescia@ilmannarino.it ilmannarino@pec.it\VR\Il Mannarino Verona
Le Colombare ristorante Argentino\\https://lecolombare.com/?fbclid=PAdGRleAN1uQBleHRuA2FlbQIxMQABp5N5AKmSPzIoGw3KFLnjPXXaJ4XKitCrVDCeSNNok2N6RToGKzsdYw9KqXeH_aem_RiVotAUJnZLCPAbWOQVTYA\\flags@2x.png\\
