Centro Carni Company Spa\Via S. Antonio, 80, 35019 Tombolo PD\http://www.centrocarnicompany.com/\049 947 0772\info@centrocarnicompany.eu core@2.9.7 gsap@3.12.5\PD\
Rosa Carni(S.R.L.)\Via Mario Visentin, 68, 35012 Camposampiero PD\https://www.rosacarni.com/\049 930 0974\\PD\
Lino Carni\Viale Gioacchino Rossini, 1, 30036 Caselle VE\http://linocarni.com/\041 573 2370\info@linocarni.com\VE\
Legnaro Carni\\http://www.legnarocarni.store/\331 423 5551\\\
Del Borgo Carni Srl di Gatto Renato\Via Borgo Padova, 82, 31033 Castelfranco Veneto TV\\0423 493101\\TV\
Compa Carni\Via Caltana, 55, 35010 Villanova di Camposampiero PD\\049 922 1779\\PD\
Favero Carni  Macelleria Padova\Via Vittorio Veneto, 73, 35142 Padova PD\https://www.faverocarni.it/\389 957 6287\giorgio.favero70@gmail.com\PD\
Spaccio Carni San Valentino a Vicenza\Via E. Fermi, 5, 36057 Nogarazza VI\http://www.carnisanvalentino.com/\0444 289354\\VI\
Veneta Bovini Srl\Via Venezia, 43, 45010 Rosolina RO\https://www.facebook.com/pages/Veneta-Bovini/392616454216179\0426 339279\\RO\
F.lli Guerriero S.r.l.\Via Gomiero, 18, 35010 Villafranca Padovana PD\http://www.guerrierosrl.it/\049 905 0683\info@guerrierosrl.it\PD\
Macelleria Favero Carni\Via Mont, 169, 35136 Padova PD\https://www.faverocarni.it/\049 890 1124\giorgio.favero70@gmail.com\PD\
Spaccio carni Dal Monte srl\Via Verona, 4, 36020 Pove del Grappa VI\http://www.spacciocarnidalmonte.it/\0424 80492\info@dalmonte.info\VI\
Marconato Carni\Via Ferraris Galileo, 25, 31044 Montebelluna TV\https://www.marconatocarni.it/\0423 619992\\TV\
La Bottega Della Carne\Via E. de Amicis, 4, 31033 Castelfranco Veneto TV\\338 560 7022\\TV\
Bellotto Carni S.r.l.\Via dell'Industria, 100B, 31052 Maserada sul Piave TV\https://www.bellottocarni.com/\0422 877317\mario@esempio.it bellottocarni@legalmail.it commerciale@bellottocarni.com commerciale@bellottocarni.com.\TV\
Carni Martinelli S.R.L.\Via Pergola, 5, 37030 Pergola VR\https://carnimartinelli.it/\045 617 5110\info@carnimartinelli.it\VR\
Europe Meat\Via Roma, 13, 31023 Resana TV\https://www.europemeatinternational.it/\0423 719155\info@europemeatinternational.it\TV\
Veneto Ovini Societ Cooperativa Agricola\Via Porcaro, 1, 35022 Anguillara Veneta PD\http://www.veneto-ovini.com/\340 855 4067\\PD\
bencarni spa\Via Adige, 15, 37060 Nogarole Rocca VR\http://www.bencarni.it/\045 639 5070\info@bencarni.it bencarni@legalmail.it\VR\
Colomberotto S.p.A.\Via Montegrappa, 6872, 31010 Moriago della Battaglia TV\https://www.colomberotto.it/\0438 892297\colomberottocert@pec.it\TV\
Carni Gourmet Noale\Via Noalese Sud, 16, 30033 Noale VE\http://www.carnigourmet.com/\041 580 2227\info@carnigourmet.com ordini@shopcarnigourmet.com\VE\
Favero Carni  Macelleria Santa Maria di Sala\Via Gorgo, 53a, 30036 Santa Maria di Sala VE\https://www.faverocarni.it/\041 894 4353\giorgio.favero70@gmail.com\VE\
Centro Carni di Malfatto Gianfranco\Via Cagliara, 12A, 36048 Ponte di Barbarano VI\http://www.malfattocentrocarni.it/\0444 896286\malfattocentrocarni@alice.it\VI\
Bottega Carni (S.N.C.)\Via G. Marconi, 42, 31020 Lago TV\\0438 562396\\TV\
Centro Carni Sossanese\Via Rio, 24, 36040 Sossano VI\\0444 885147\\VI\
Carni Venete Di Bellio Lorenzo\Via A. Vanzo, 3, 31021 Mogliano Veneto TV\\\\TV\
Trevigiana Carni Di Scapin Giovanni & C. (S.N.C.)\Via Campagna, 128, 31037 Ramon-campagna TV\http://www.trevigianacarni.it/\0423 475237\\TV\
Spaccio Carni\16137 Genova GE\\\\GE\
Mercato delle Carni\Via Giacomo Zanella, 6, 36010 Cavazzale VI\\0444 945580\\VI\
Gran Carni Group Snc\Piazza Renato Otello Pighin, 7, 35048 Stanghella PD\http://www.grancarniastolfi.com/\0425 958116\info@grancarniastolfi.com\PD\
La Bottega delle Carni di Camporese Gianna - Macelleria - Carni nostrane - Cene pronte\Via Ponterotto, 6, 35010 Limena PD\https://www.bottegadellecarnigianna.com/\347 063 2243\camporese8@gmail.com\PD\
Carni Bonetto S.R.L.\Via Ronchi, 145, 35010 Loreggia PD\http://www.carnibonetto.it/\049 579 4385\info@carnibonetto.it\PD\
Macellazione F.lli Magnarello Spaccio Carni e Salumi\29 Via Rotella Destra, 35040 Sant'Urbano PD\https://www.facebook.com/annamariamgn84/\0429 693260\\PD\
Azienda Agricola Manente\Via Altinia, 173, 30173 Venezia VE\\340 565 4267\\VE\
Macelleria Oscar Bortolussi\Piazza Guglielmo Marconi, 50, 33080 Fiume Veneto PN\http://macelleriaoscarbortolussi.it/\0434 957613\andreabortolussi@me.com\PN\
Macelleria La Nostrana Carni di Michielan F. & C. Sas\Via della Croce, 12, 31021 Zerman TV\https://lanostranacarni.it/\041 457173\info@lanostranacarni.it\TV\
Laboratorio della carne di Masiero Marco\Piazza Papa Pio X, 12, 35010 Abbazia Pisani PD\\327 128 1738\\PD\
Unicarve Associazione Produttori Carni Bovine Del Triveneto\Via I Maggio, 7, 35020 Legnaro PD\http://www.unicarve.it/\049 883 0675\unicarve@pec.it info@unicarve.it\PD\
Spaccio Carne CM\Via Costabella, 43, 37010 Costermano sul Garda VR\\045 620 1440\\VR\
Spaccio Carni Fratelli Quartesan fu Gino s.n.c.\Via Nazionale, 72A, 36040 Al Passo VI\\0444 580042\\VI\
Azienda Agricola Polato - Macellazione e Spaccio Carni\Via S. Marco, 75, 30010 Lova VE\https://www.aziendaagricolapolato.it/\380 491 4583\info@aziendaagricolapolato.it\VE\
Fiorentineria - Carni Pregiate dal Mondo\Via Giovan Battista Barbieri, 25, 36061 Bassano del Grappa VI\https://www.fiorentineria.com/\345 503 0290\support@fiorentineria.com\VI\
Cooperativa Agr. Montello MeatExperience\Via della Resistenza, 6, 31038 Paese TV\https://www.zamameatexperience.it/\0422 950033\\TV\
Macelleria Fontana\Via A. Nonis, 64, 36063 Marostica VI\http://www.macelleriafontana.it/\0424 77222\info@macelleriafontana.it\VI\
Macelleria Breda\Via F. Petrarca, 1, 31029 Vittorio Veneto TV\http://www.macelleriabreda.it/\0438 689583\\TV\
Spaccio Carne - F.lli Zanotto\Via Covolo, 47, 36057 Arcugnano VI\\0444 550714\\VI\
Via Veneto Ventotto (F.lli Visentin)\Via Vittorio Veneto, 28, 37052 Casaleone VR\https://www.viavenetoventotto.it/\0442 330659\info@viavenetoventotto.it\VR\
Carneficina - Centro Carni Rinaldo\Via Monsignor F. Pozzato, 47, 45011 Adria RO\\351 723 1103\\RO\
Olivieri Carni\Via Gardesana, 27, 37010 Pastrengo VR\http://www.oliviericarnispa.it/\045 717 0300\info@oliviericarnispa.it olivierispa@legalmail.it\VR\
Macelleria Salvador\Viale della Vittoria, 42, 31029 Vittorio Veneto TV\\0438 556946\\TV\
CARNIO.IT S.R.L.\Via C. Menotti, 34A, 35010 Trebaseleghe PD\http://www.carnio.it/\049 938 7946\info@carnio.it\PD\
Sapori Veneti\Via La Marmora, 35020 Saonara PD\\049 640629\\PD\
Spaccio Carne\35010 Villafranca Padovana PD\\\\PD\
Zilio S.r.l.\Via S. Pio X, 19B, 36060 Romano d'Ezzelino VI\http://www.ziliosrl.com/\0424 570125\info@ziliosrl.com\VI\
Centro Carni Brugnera Snc - macelleria salumeria bovina, suina, equina\Via Roma, 489, 31043 Lutrano TV\http://www.ccbrugnera.it/\0422 757321\\TV\
Centro Carni Olmo SNC\Viale Italia, 66, 36051 Creazzo VI\\0444 340633\\VI\
Polesine Carni\Via Leonardo Da Vinci, 776, 45021 Crocetta RO\https://www.polesinecarni.com/\0425 599968\\RO\
Righetto Ferdinando & Figli Srl\Via Gioacchino Rossini, 33, 36050 Cartigliano VI\http://www.righettoferdinando.com/\0424 590218\wght@200..700 info@righettoferdinando.com\VI\
Sant'Angelo Carni\Via Rivale, 57D, 30036 Santa Maria di Sala VE\https://www.macelleriasantangelo.it/\041 486254\macelleriasantangelo@gmail.com\VE\
F.lli Simonato Allevamento Macello Suini\Via Costa, 4, 36030 Fara Vicentino VI\\339 417 0682\\VI\
Carni Guglielmin Snc - Fraz.San Vito\Via Castellana, 22, 31030 Altivole TV\http://www.carniguglielmin.it/\0423 564147\info@carniguglielmin.it\TV\
Santa Croce S.R.L.\Via Vittorio Veneto, 7, 25030 Coccaglio BS\\334 770 0370\\BS\
Macelleria Da Lollo\Via A. Vanzo, 31021 Mogliano Veneto TV\https://www.facebook.com/macelleriadalollo/about?locale=it_IT\041 590 2940\\TV\
Ceron Carni di Sarai Francesco\Via Stazione, 6, 31050 Vedelago TV\\0423 476714\\TV\
Macelleria Salumeria Fratelli Mazzaro\Via Zermanesa, 48A, 31021 Mogliano Veneto TV\https://www.macelleriamazzaro.it/\041 590 2282\macelleriamazzaro@gmail.com\TV\
Centro Carni Boldrini Snc\Via Roma, 10, 37046 Minerbe VR\\0442 640004\\VR\
Macelleria Equina Bovina Veneri\Piazza Vittorio Veneto, 5c, 37126 Verona VR\\045 803 3912\\VR\
Brandi Carni S.R.L.\Piazza Vittorio Veneto, 67, 16033 Lavagna GE\http://civlavagna.it/brandi-carni-srl-macelleria-lavagna-chiavari/\0185 392814\webmaster@civlavagna.it\GE\
Salumificio Bovo dal 1987 Di Bortolazzi Massimo\Via Lago di Garda, 29B, 37060 Buttapietra VR\https://www.salumificiobovo.com/\045 542014\\VR\
Spaccio carni Albare\Via Rosetta Pampanini, 242, 45015 Corbola RO\\0426 046171\\RO\
Partidor Spaccio carni e salumi\Via Manzoni, 68, 33080 Bannia PN\\338 742 9435\\PN\
Pronto Carni srl\Viale Pietro Zancanaro, 31A, 33077 Sacile PN\http://www.prontocarni.com/\0434 71241\\PN\
Macelleria Equina Bovina F.lli Bugin s.n.c.\di, Via Cesare Battisti, 42, 30030 Galta VE\http://www.macelleriabugin.it/\049 983 0981\\VE\
Gs Bottega delle Carni\30020 Cinto Caomaggiore VE\\0421 209592\\VE\
Pantano Carni Spa\Via Solchiello, 20, 35020 Arre PD\http://www.pantanocarni.it/\049 531 0386\info@pantanocarni.it\PD\
Azienda Agricola Rossetto\di Silea TV IT, Via Belvedere, 61, 31057 Sant'Elena TV\\347 806 8279\\TV\
Spaccio Carni Chinello agriturismo ai pra'\Via Borghetto, 37, 35020 Sant'Angelo di Piove di Sacco PD\http://www.chinello.org/\349 310 0397\silvia.doni77@libero.it\PD\
Agrifel\Via Filippo Turati, 13, 31038 Porcellengo TV\http://www.agrifel.it/\0422 480975\\TV\
Spaccio San Massimo Srl\Via Stanga, 7, 37139 Verona VR\http://www.spacciosanmassimo.it/\045 890 3871\\VR\
Miglioranza Carni Srl\Via Gardesane, 216, 37139 Verona VR\\349 380 7100\\VR\
Gran Risparmio delle Carni\Via Vittorio Veneto, 89, 21049 Tradate VA\\0331 849921\\VA\
Angus Churrascaria\Via Niccol Macchiavelli, 23, 31021 Mogliano Veneto TV\http://www.anguschurrascaria.it/\320 079 5354\\TV\
Caiuli Carni\Via Vittorio Veneto, 5, 20091 Bresso MI\https://www.caiulicarnibresso.it/\02 610 5462\info@caiulicarnibresso.it\MI\
Fungo Carni\Via Roma, 90, 14034 Castello di Annone AT\https://www.facebook.com/Fungocarni\339 365 2988\\AT\
Cosaro\Via Vallugana, 601, 36034 Malo VI\http://www.cosarosrl.it/\0445 580330\605a7baede844d278b89dc95ae0a9123@sentry-next.wixpress.com lodash@4.17.23 react-dom@18.3.1 rspack@1.6.8 react@18.3.1 intl-segmenter@11.7.10 core-js-bundle@3.2.1 8eb368c655b84e029ed79ad7a5c1718e@sentry.wixpress.com focus-within-polyfill@5.0.9\VI\
La Bottega Della Carne dei Flli Golin\Via del Santo, 28, 35010 Limena PD\https://it-it.facebook.com/pages/category/Butcher-Shop/La-Bottega-Della-Carne-Dei-Flli-Golin-538118689676269/\049 768049\\PD\
Macelleria Da Dalt Di Marzio Da Dalt\Via Antonio Canova, 59, 31029 Vittorio Veneto TV\\0438 560660\\TV\
Macelleria Manente\Via C Colombara, 2, 30173 Venezia VE\\041 630750\\VE\
Gs Carni Snc Di Giacomoni Fabiola E Sperotto Giambattista\Via Martiri della Libert, 44, 36050 Quinto Vicentino VI\\0444 357857\\VI\
Macelleria islamica Dadi\Via Cristoforo Colombo, 44, 31033 Castelfranco Veneto TV\\349 635 0477\\TV\
