Ristorante Vineria Le Carni\c, Via G. Savonarola, 60, 45100 Borsea RO\https://www.facebook.com/Le-Carni-Borsea-Osteria-Macelleria-159662044077207/\389 528 1555\\RO\
Bottega Delle Carni di F.lli Capelozza di Capelozza Mirco s.n.c\Via Gino Piva, 68, 45100 Rovigo RO\https://www.bottega-delle-carni.com/\0425 30172\605a7baede844d278b89dc95ae0a9123@sentry-next.wixpress.com 18d2f96d279149989b95faf0a4b41882@sentry-next.wixpress.com 78f7996315bc402f9dcb8a2f974b82d1@sentry.wixpress.com mircocapelozza@libero.it 79baaa8e09c746d2b7401643b99792e0@sentry.wixpress.com 5d1795a2db124a268f1e1bd88f503500@sentry.wixpress.com core-js-bundle@3.2.1 8eb368c655b84e029ed79ad7a5c1718e@sentry.wixpress.com lodash@4.17.23 esempio@ilmiosito.com. rspack@1.6.8 react@18.3.1 98b21aa53d68482b8414e892d9af0e5f@sentry-next.wixpress.com react-dom@18.3.1 460ff4620fa44cba8df530afde949785@sentry.wixpress.com 9a65e97ebe8141fca0c4fd686f70996b@sentry.wixpress.com 8c4075d5481d476e945486754f783364@sentry.io intl-segmenter@11.7.10 focus-within-polyfill@5.0.9\RO\
Macelleria Le Carni Borsea\Via Girolamo Savonarola, 60, 45100 Rovigo RO\http://www.lecarniborsea.it/\0425 474760\saltalafila@lecarniborsea.it info@lecarniborsea.it\RO\
Le Carni di Stocco Renzo e Verza Alfredo Snc\Via Frank Anna, 8, 45100 Rovigo RO\\0425 422385\\RO\
MACELLERIA TRAVAGLIA LA BECARIA\V.le Porta Po, 75, 45100 Rovigo RO\http://www.macellerialabecariarovigo.it/\0425 474644\\RO\
Macelleria Zago\Via Don Giovanni Minzoni, 60, 45100 Rovigo RO\http://www.macelleriazago.it/\0425 23197\info@macelleriazago.it\RO\
Casa e Bottega - Macelleria e Gastronomia\Viale Giovanni Amendola, 18, 45100 Rovigo RO\https://www.casaebottegarovigo.it/\348 399 8583\info@casaebottegarovigo.it info@yourstore.com\RO\
Macelleria Halal Rovigo Zahiali\Via Marco Polo, 20, 45100 Rovigo RO\\350 576 5782\\RO\
Macelleria Halal prima scelta\Viale Erminia Fu Fusinato, 37d, 45100 Rovigo RO\\329 736 2085\\RO\
Macelleria Equina Zanini Guido\Piazza Umberto Merlin, 30, 45100 Rovigo RO\\0425 23125\\RO\
