Osteria Monelli\\https://osteriamonelli.com/,\\info@osteriamonelli.com\\
Spaccio Carni San Valentino a Vicenza\\https://osteriamonelli.com/,\\info@osteriamonelli.com\\
I Macellai Vicenza\\https://osteriamonelli.com/,\\info@osteriamonelli.com\\
Macelleria Qualit Cortesia di Manfron Dario\Contr, Ponte S. Paolo, 13, 36100 Vicenza VI\https://osteriamonelli.com/,\0444 041833\info@osteriamonelli.com\VI\Sponsorizzato
Macelleria-gastronomia Baggio\Contr, Ponte S. Paolo, 13, 36100 Vicenza VI\https://osteriamonelli.com/,\0444 041833\info@osteriamonelli.com\VI\Sponsorizzato
Special Carni\Contr, Ponte S. Paolo, 13, 36100 Vicenza VI\https://osteriamonelli.com/,\0444 041833\info@osteriamonelli.com\VI\Sponsorizzato
Macelleria & Salumeria Costa\Contr, Ponte S. Paolo, 13, 36100 Vicenza VI\https://osteriamonelli.com/,\0444 041833\info@osteriamonelli.com\VI\Sponsorizzato
Macelleria Carlan Mauro\Contr, Ponte S. Paolo, 13, 36100 Vicenza VI\https://osteriamonelli.com/,\0444 041833\info@osteriamonelli.com\VI\Sponsorizzato
Carni Scelte\Contr, Ponte S. Paolo, 13, 36100 Vicenza VI\https://osteriamonelli.com/,\0444 041833\info@osteriamonelli.com\VI\Sponsorizzato
Macelleria F.Lli Frighetto Di Frighetto Tiziano & Frighetto Attilio Snc\Contr, Ponte S. Paolo, 13, 36100 Vicenza VI\https://osteriamonelli.com/,\0444 041833\info@osteriamonelli.com\VI\Sponsorizzato
