METRO PADOVA\Via Antonio Rossi, 3, 35030 Rubano PD\https://www.metro.it/punti-vendita/padova-rubano?utm_source=gmb&utm_medium=organic&utm_content=website&utm_term=padova-rubano\049 873 3211\\PD\Sponsorizzato
Macelleria Favero Carni\Via Mont, 169, 35136 Padova PD\https://www.faverocarni.it/\049 890 1124\giorgio.favero70@gmail.com\PD\
Saccardo Carni e Cucina\Via Pontevigodarzere, 95, 35133 Padova PD\https://www.saccardocarniecucina.it/\049 703020\saccardocarniecucina@gmail.com\PD\
Azienda Agricola Nicoletto Gian Paolo - Spaccio carni Km Zero\Via Ruffina, 18, 35020 Saonara PD\https://www.macellerianicolettogianpaoloefigli.it/\049 689 0642\\PD\
Macelleria L'Artigiano Della Carne\Via Fabrici Girolamo d'Acquapendente, 12, 35124 Padova PD\https://lartigianodellacarne.com/\376 192 9749\\PD\
Favero Carni  Macelleria Padova\Via Vittorio Veneto, 73, 35142 Padova PD\https://www.faverocarni.it/\389 957 6287\giorgio.favero70@gmail.com\PD\
Macelleria Longato Tiziano\Via S. Camillo de Lellis, 23, 35128 Padova PD\https://www.longatotiziano.it/\049 757008\\PD\
Carni LE CORTI PADOVANE\Sotto Il Salone, 26, 35122 Padova PD\\\\PD\
Macelleria Padova Canton Francesco - Carne di alta qualit da oltre 110 anni\Sotto Il Salone, 3334, 35122 Padova PD\https://macelleriacantonpadova.it/\352 061 6612\info@macelleriacantonpadova.it\PD\
Macelleria Halal Atlas Market ( )\Via Trieste, 22, 35121 Padova PD\\340 943 6190\\PD\
Gabriele e Omar Butcher Shops\Via Torre, 53, 35129 Padova PD\http://www.macelleriapadova.it/\347 372 8795\\PD\
La Bottega delle Carni di Camporese Gianna - Macelleria - Carni nostrane - Cene pronte\Via Ponterotto, 6, 35010 Limena PD\https://www.bottegadellecarnigianna.com/\347 063 2243\camporese8@gmail.com\PD\
