METRO TREVISO\Via Internati 1943 - 1945, 31057 Silea TV\https://www.metro.it/punti-vendita/treviso-silea?utm_source=gmb&utm_medium=organic&utm_content=website&utm_term=treviso-silea\0422 366111\\TV\Sponsorizzato
Macelleria Stecca Gastronomia\Borgo Camillo Benso Conte di Cavour, 4, 31100 Treviso TV\http://www.macelleriastecca.it/\0422 541764\macelleriastecca@gmail.com\TV\
Cooperativa Agr. Montello MeatExperience\Via della Resistenza, 6, 31038 Paese TV\https://www.zamameatexperience.it/\0422 950033\\TV\
Macelleria Gastronomia Succulenta\Strada di Santa Bona Nuova, 67, 31100 Treviso TV\https://m.facebook.com/macelleria.succulenta.tv/?ref=bookmarks\0422 231104\\TV\
Ivo il mio macellaio\Via Sant'Agostino, 41, 31100 Treviso TV\\0422 547713\\TV\
Agrifel\Via Filippo Turati, 13, 31038 Porcellengo TV\http://www.agrifel.it/\0422 480975\\TV\
Crivalcarni Srl\Via Postumia, 150, 31038 Paese TV\https://crivalcarni.com/\0422 451151\\TV\
Macelleria islamica Elhadouchi - carni Halal\9, Via Zermanese, 7, 31100 Treviso TV\\388 795 2289\\TV\
Macelleria da Luca\Viale Brigata Treviso, 46, 31100 Treviso TV\\347 911 2765\\TV\
Macelleria Giacomin Giorgio S.N.C.\Viale Luigi Luzzatti, 38, 31100 Treviso TV\\0422 260839\\TV\
La Bottega della Carne\Via R. Franchetti, 87, 31022 San Trovaso TV\https://www.facebook.com/pg/La-Bottega-della-Carne-513307578810192/about/?ref=page_internal\0422 491345\\TV\
Il piacere della carne macelleria and more\Piazza Europa, 14, 31057 Silea TV\https://www.facebook.com/IPdCandmore\339 788 4074\\TV\
Macelleria Favaro\Via Noalese, 4143, 31100 Treviso TV\\0422 263762\\TV\
Sartorato Ferdinando & C. S.N.C.\Str. Terraglio, 88, 31100 Treviso TV\\0422 402634\\TV\
Martini Carni e Salumi di Martini Andrea e Giovanni S.a.s.\Via Roma, 122, 31050 Ponzano TV\\0422 963270\\TV\
Macelleria Sardi\Via Palestro, 42, 31100 Treviso TV\\0422 544600\\TV\
Vendrame Pompeo & Figli S.N.C.\Via Montello, 16, 31100 Treviso TV\\0422 301812\\TV\
Macelleria Terre Venete Fontane di Cendron Aldo & Figlio\Via Fontane, 80, 31020 Lancenigo TV\\0422 184 7062\\TV\
MACELLERIA MARTINI MARIO POSTIOMA\Via G. Toniolo, 21, 31038 Postioma TV\\0422 99016\\TV\
Fattoria della carne - Spaccio Carni\Via Sant' Antonio, 25B, 31010 Mareno di Piave TV\\333 987 6512\\TV\
Macelleria La Nostrana Carni di Michielan F. & C. Sas\Via della Croce, 12, 31021 Zerman TV\https://lanostranacarni.it/\041 457173\info@lanostranacarni.it\TV\
Macelleria Gomiero Orfeo\Via XI Febbraio, 62, 31055 Quinto di Treviso TV\\0422 470072\\TV\
Salumificio e ingrosso carni Toresan\Via Talponera, 66a, 31050 Ponzano Veneto TV\http://www.toresan.it/\0422 523296\info@toresan.it\TV\
Centro Carni Brugnera Snc - macelleria salumeria bovina, suina, equina\Via Roma, 489, 31043 Lutrano TV\http://www.ccbrugnera.it/\0422 757321\\TV\
Trattoria Argentina Treviso  Ristorante argentino e carne alla griglia\Borgo Giuseppe Mazzini, 40, 31100 Treviso TV\https://trattoriaargentina.it/\334 149 6546\trattoriargentina@gmail.com\TV\
Carni Guglielmin Snc - Fraz.San Vito\Via Castellana, 22, 31030 Altivole TV\http://www.carniguglielmin.it/\0423 564147\info@carniguglielmin.it\TV\
Carnydea\Piazza D. Orazio Mondin, 1012, 31040 Cornuda TV\https://carnydeagroup.wixsite.com/website\0423 83428\605a7baede844d278b89dc95ae0a9123@sentry-next.wixpress.com lodash@4.17.23 react-dom@18.3.1 2062d0a4929b45348643784b5cb39c36@sentry.wixpress.com baf30a2b91654c5a840931f0137bed30@sentry.wixpress.com 8c4075d5481d476e945486754f783364@sentry.io carnydeagroup@gmail.com rspack@1.6.8 460ff4620fa44cba8df530afde949785@sentry.wixpress.com react@18.3.1 intl-segmenter@11.7.10 core-js-bundle@3.2.1 271e9fa3230b4eec94b02bf95780f5f2@sentry.wixpress.com 9a65e97ebe8141fca0c4fd686f70996b@sentry.wixpress.com focus-within-polyfill@5.0.9 0e6a29e4756740a8a63493e912ba2174@sentry.wixpress.com ed436f5053144538958ad06a5005e99a@sentry.wixpress.com 88170cb0c9d64f94b5821ca7fd2d55a4@sentry-next.wixpress.com\TV\
Agricola Bergamin\Via Schiavonesca, 14, 31044 Montebelluna TV\http://www.agricolabergamin.it/\0423 177 1185\dellatorre@ptconsulting.com\TV\
Spaccio Carni Al Gusto\Via Poianon, 8, 30020 Marcon VE\https://www.al-gusto.it/\339 652 5093\rudy.societaagricola@gmail.com\VE\
Marconato Carni\Via Ferraris Galileo, 25, 31044 Montebelluna TV\https://www.marconatocarni.it/\0423 619992\\TV\
Macelleria Binotto Rino\Via Castellana, 87, 31044 Montebelluna TV\\0423 22554\\TV\
Macelleria Pavan\Via Roma, 32, 31057 Silea TV\\0422 362838\\TV\
Macelleria Pavanetto\Via Roma, 64, 31050 Monastier di Treviso TV\\0422 798456\\TV\
Bazar macelleria islamica\Via Vittorino da Feltre, 2b, 31100 Treviso TV\\340 222 4763\\TV\
Mercato coperto Riviera Santa Margherita\Piazza Angelo Giustinian Recanati, 8, 31100 Treviso TV\https://www.campagnamica.it/la-nostra-rete/mercato/mercato-campagna-amica-di-riviera-santa-margherita/\366 672 2499\\TV\
Azienda Agricola Rossetto\di Silea TV IT, Via Belvedere, 61, 31057 Sant'Elena TV\\347 806 8279\\TV\
Legnaro Carni\\http://www.legnarocarni.store/\331 423 5551\\\
Classic Flame Steakhouse & BBQ\Via Noalese, 94, 31100 Treviso TV\https://classicflamebbq.it/\375 916 2322\\TV\
\Via Noalese, 94, 31100 Treviso TV\https://classicflamebbq.it/\375 916 2322\\TV\Classic Flame Steakhouse & BBQ
Hostaria dai Bastardi\Via Noalese, 94, 31100 Treviso TV\https://classicflamebbq.it/\375 916 2322\\TV\Classic Flame Steakhouse & BBQ
Macelleria Crosato Snc di Crosato Sergio e Tullio\Via Noalese, 94, 31100 Treviso TV\https://classicflamebbq.it/\375 916 2322\\TV\Classic Flame Steakhouse & BBQ
Carni Gourmet Noale\Via Noalese, 94, 31100 Treviso TV\https://classicflamebbq.it/\375 916 2322\\TV\Classic Flame Steakhouse & BBQ
Macelleria da Massimo di Cervi M. & C. Sas\Via Noalese, 94, 31100 Treviso TV\https://classicflamebbq.it/\375 916 2322\\TV\Classic Flame Steakhouse & BBQ
Osteria Braci e Abbracci\Via Noalese, 94, 31100 Treviso TV\https://classicflamebbq.it/\375 916 2322\\TV\Classic Flame Steakhouse & BBQ
Ceron Carni di Sarai Francesco\Via Noalese, 94, 31100 Treviso TV\https://classicflamebbq.it/\375 916 2322\\TV\Classic Flame Steakhouse & BBQ
Rossi Carni Srl\Via Noalese, 94, 31100 Treviso TV\https://classicflamebbq.it/\375 916 2322\\TV\Classic Flame Steakhouse & BBQ
