Latteria di Sedico Societ Agricola Cooperativa\Via S. Felice, 4, 32036 Sedico BL\\0437 83717\\BL\
Latteria di Camolino Societ Agricola Cooperativa\Localit Camolino, 32037 Mis BL\http://www.latteriacamolino.it/\0437 89228\\BL\
Latteria Di Frontin Societa Agricola Cooperativa\Localit Frontin, 64, 32026 Borgo Valbelluna BL\https://www.facebook.com/LatteriaFrontin/?locale=it_IT\0437 555166\\BL\
Ditta Fregona Renzo\Piazza duomo BL marted-sabato 7301230, 32100 Belluno BL\https://www.facebook.com/dittafregonarenzo/\335 530 6845\\BL\
Cooperativa Agordino Latteria di Vallata\Localit Toccol, 61, 32021 Agordo BL\https://www.latteriadivallata.com/\0437 640947\\BL\
Latteria di Lentiai Soc. Coop. Agr.\Via dei Martiri, 61, 32026 Lentiai BL\http://www.latterialentiai.it/\0437 750584\\BL\
La Botega del formai\Via Caduti 14 Settembre 1944, 32100 Belluno BL\\0437 930882\\BL\
Il colle del Tiglio societ agricola\Via Valpiana, 82, 32020 Limana BL\\393 090 8988\\BL\
Centro Caseario e Agrituristico dell'Altopiano Tambre-Spert-Cansiglio S.C.A R.L.\Localita' Valmenera, Tambre, BL 32010, Tambre BL\\0437 472222\\BL\
Azienda Agricola Barattin Oscar\Via Mussera, 159, 32010 Chies d'Alpago BL\\340 402 3913\\BL\
Azienda Agricola & Caseificio Matteo Vettorata Fantino\Via Marzane, 5, 32032 Feltre BL\\328 869 1418\\BL\
Caseificio Primiero\Via Roma, 179, 38050 Mezzano TN\https://www.caseificioprimiero.com/\0439 765616\lightgallery@1.6.12\TN\
Latteria Pradis di Sopra Snc\Via Roma, 42, 33092 Meduno PN\https://www.latteriapradisdisopra.it/\366 393 2045\\PN\
Lattebusche Latteria della Vallata Feltrina\Via Nazionale, 59, 32030 Busche BL\https://www.lattebusche.com/\0439 3191\\BL\
Caseificio della Savia\Via a. Manzoni, 27, 33031 Basiliano UD\https://www.caseificiodellasavia.com/\0432 84516\\UD\
Azienda Agricola Stramare Dario e Saverio CASEIFICIO AZIENDALE\Via S. Rocco, 51, 31040 Segusino TV\https://www.caseificiostramare.com/contatti/\347 005 3193\\TV\
Centro Caseario e Agrituristico dell'Altipiano Tambre - Spert - Cansiglio\Viale Marconi, 98, 32010 Tambre BL\http://www.cansiglio.eu/it/ricettivita/bar-bianco\0437 439722\\BL\
Consorzio per la Tutela del Formaggio Piave DOP\Via Nazionale, 57A, 32030 Busche BL\http://www.formaggiopiave.it/\0439 391170\consorzio@formaggiopiave.it MG_7075-fotohome@033x.jpg swiper@6.3.5\BL\
Fattoria Bepi Zumelle\Via Piave, 28, 32026 Mel BL\\\\BL\
Caseificio Gaion\Via Borgo Cattanei, 12, 31048 Cavri TV\https://it-it.facebook.com/CaseificioGaion/\0422 797614\\TV\
Latteria di Soligo\Via Carlo Conte, 31010 Farra di Soligo TV\http://www.latteriasoligo.it/\0438 985111\\TV\
Caseificio Finco\Via Lecche, 42, 36052 Enego VI\\0424 490149\\VI\
Perenzin Latteria S.R.L.\V. Cervano, 85, 31020 San Pietro di Feletto TV\http://www.perenzin.com/\0438 21355\\TV\
Frescolat Srl\Via dell'Artigianato, 31031 Caerano di San Marco TV\http://www.frescolat.it/\0423 564602\bootstrap-icons@1.11.3 wght@100..800 wght@400..700 masonry-layout@4.2.2 info@frescolat.it photoswipe@5.4.4\TV\
La Casearia Carpenedo S.R.L.\Via Santandr, 17, 31050 Camal TV\http://www.lacasearia.com/\0422 872178\info@lacasearia.com\TV\
Azienda Agricola Liliana\Via le Feste, 6, 32020 Gosaldo BL\\388 346 0146\\BL\
Bar Bianco Busche - Lattebusche\Via Nazionale, 59, 32030 Busche BL\https://www.lattebusche.com/bar-bianco-di-busche/\0439 319352\\BL\
Agriturismo Malga Livan\Via Cadore, 40, 32010 Zopp di Cadore BL\https://malgalivan.my.canva.site/\333 690 2617\malga.livan2023@gmail.com\BL\
Azienda agricola Zasso\Via Sommavilla, 2, 32020 Canale d'Agordo BL\http://aziendagricolazasso.it/\360 101 3362\tom.pasqui00@gmail.com\BL\
Bar Bianco - Latteria di Roverbasso nuova gestione\Via Feltre, 82-i, 32036 Sedico BL\https://www.latteriadiroverbasso.com/\0437 852216\\BL\
Gurmont\Via Cortina, 55, 32044 Pieve di Cadore BL\http://www.gurmont.it/\0435 500179\info@gurmont.it\BL\
Latteria Turnaria Valmorel\Via Valmorel, 32020 Valmorel BL\\\\BL\
Zanella Matteo & C. Snc\Via Mistrol, 8, 32030 Cesiomaggiore BL\\0439 391431\\BL\
Accademia Internazionale Dell'Arte Casearia\Via Formeniga, 62a, 31029 Vittorio Veneto TV\https://www.accademiacasearia.com/\349 337 0801\infocorsi@accademiacasearia.com\TV\
Latteria di Soligo Societ Agricola Cooperativa\Via Antonio Canova, 111, 31029 Vittorio Veneto TV\\0438 560986\\TV\
Azienda Agricola Muncio\Via Colli, 1, 31010 Fonte TV\\366 424 1557\\TV\
Cooperativa Agricola La Fiorita\Via Borgo Dante, 1, 32026 Trichiana BL\http://www.cooperativalafiorita.it/\0437 657227\info@cooperativalafiorita.it\BL\
Milchhof Agostini\Via Bacalin, 6, 32020 Selva di Cadore BL\http://www.iski.it/it/Milchhof-Agostini/Formaggi-dolomiti-agostini/Milchhof-agostini-azienda-agricola.html\380 395 7409\litepicker@2.0.11 albertbacan@libero.it\BL\
Latteria Montanari S.r.l.\V. Aquileia, 2, 34070 Villesse GO\https://www.latteriamontanari.it/\0481 91024\\GO\
Agricansiglio Societa' Agricola\Via Boschetta, 37, 31014 Colle Umberto TV\\0438 39780\\TV\
Malga Valmenera\Pian Osteria, 32010 Tambre BL\http://www.webdolomiti.net/agriturismo/valmanera/\0437 432056\logo@2x.png\BL\
SANWIDO Azienda Agricola\Via II Maggio, 32046 San Vito di Cadore BL\https://g.co/kgs/Y69Z2KS\346 772 9859\\BL\
Carpanolat Srl\Str. Marcialonga, 34, 38035 Moena TN\https://www.carpanoshop.com/chi-siamo/\0462 573587\\TN\
Centro Caseario e Agrituristico Tambre Spert Cansiglio - Bar Bianco\32016 Pian del Cansiglio BL\http://www.cansiglio.eu/it/ricettivita/bar-bianco\331 939 0084\\BL\
SADES Impianti S.r.l.\Via Caduti 14 Settembre 1944, 5, 32100 Belluno BL\https://www.sades.it/\0437 31940\sades@pec.sades.it sades@sades.it\BL\
Latteria di Livinallongo\Via Renaz, 57, 32020 Livinallongo del Col di Lana BL\https://latterialivinallongo.com/\0436 79237\info@latterialivinallongo.com\BL\
Camana\Via Cernidor, 13, 32100 Belluno BL\\340 463 2108\\BL\
Cadini del Brenton\Valle del Mis, 32100 Sospirolo BL\https://bergportal.com/cadini-del-brenton-das-tuerkisfarbene-naturwunder-in-den-dolomiten\0439 3328\\BL\
Latteria Cortina\Via Marangoi, 24, 32043 Cortina d'Ampezzo BL\\0436 3633\\BL\
Azienda Agricola 'Moschioni' di Moschioni Michele & C.\Via Doria, 30, 33043 Cividale del Friuli UD\http://www.michelemoschioni.it/\0432 730210\info@moschioni.eu\UD\
Azienda Agricola F.lli Talamini de la Tela\Via Chiarediego, 38, 32040 Vodo Cadore BL\http://www.agricoladelatela.it/\347 755 1572\\BL\
Fondazione Dmo Dolomiti Bellunesi\Piazza S. Stefano, 1517, 32100 Belluno BL\http://www.dmodolomiti.it/\\media--9a2dd926--query@2x.584eb90b.webp 20news@2x.d4b6073e.webp 20news@2x.d296d4bc.jpg 20BANDIERE@2x.4d8fb05e.webp media--480b6f82--query@2x.5bc58107.webp 20BANDIERE@2x.a6b833e8.jpg media--9a2dd926--query@2x.08b913b6.jpg bootstrap@5.3.3 media--45d24338--query@2x.3fa0d169.webp 20angels@2x.b0b17b7c.webp media--45d24338--query@2x.10b63fd8.webp media--9a2dd926--query@2x.d92d105e.jpg media--480b6f82--query@2x.7a8e3ee3.webp vue@3.2.45 media--480b6f82--query@2x.373c678c.webp media--45d24338--query@2x.47f1f85b.jpg media--480b6f82--query@2x.d6d85799.jpg 20angels@2x.c0b2a9b6.jpg media--9a2dd926--query@2x.60f6248d.webp media--9a2dd926--query@2x.abad877e.webp media--480b6f82--query@2x.e806d645.jpg media--45d24338--query@2x.1e46b8d5.webp media--9a2dd926--query@2x.fbc1c50e.jpg media--45d24338--query@2x.2e170439.jpg media--480b6f82--query@2x.830a502a.jpg media--45d24338--query@2x.a5c76032.jpg\BL\
Malga Campon\32030 Fonzaso BL\\345 249 2413\\BL\
A.PRO.LA.V.\Vicolo Giuseppe Mazzini, 2, 31020 Villorba TV\https://www.aprolav.com/\0422 422040\\TV\
Plodar Kelder - Latteria di Sappada\Borgata Fontana, 1, 33012 Sappada UD\http://www.latteriasappada.it/\0435 469833\\UD\
Piccolo Brite\Loc. Larieto, 26061 km, 32043 Cortina d'Ampezzo BL\https://www.sanbrite.it/piccolobrite\368 700 8083\latteria@sanbrite.it info@sanbrite.it user@domain.com.\BL\
Farra di mel\Via Farra, Farra, Mel BL\\\\BL\
Azienda Agricola LA FRAGOLA di Bonora Riccardo\Loc. Ai Ronch, 32020 Falcade BL\\327 917 8948\\BL\
Castello di Zumelle\Via San Don, 4 - Loc, 32026 Borgo Valbelluna BL\http://www.castellodizumelle.it/\0437 548122\\BL\
Bar Bianco Padola - Latteria la Genzianella\Largo Calvi, 2, 32040 Padola BL\https://www.lattebusche.com/bar-bianco-di-padola/\0435 67240\\BL\
Malga Bosch Brus\Localit Bosch Brus, 32020 Falcade BL\\\\BL\
Cascata della Soffia\32037 Gena BL\https://www.magicoveneto.it/belluno/vallemis/Cascata-la-Soffia-Lago-del-Mis.htm\\\BL\
Malga Pien de Vacia\Loc. Pien de Vacia, 32020 Selva di Cadore BL\https://valfiorentinadolomiti.it/en/Malga-Pien-de-Vacia/Alpine-Pastures-hut/Welcome-to-Malga-Pien-de-Vacia.html\349 300 6351\litepicker@2.0.11 malga.piendevacia@gmail.com\BL\
Associazione Casel de Celarda\Via Celarda, 41, 32032 Celarda BL\https://www.caseldecelarda.it/\\info@caseldecelarda.it\BL\
Agritur Broch\Localit Passo Cereda, 53, 38054 Primiero San Martino di Castrozza TN\http://www.agriturbroch.it/\389 027 6413\info@agriturbroch.it\TN\
Bed and breakfast centro caseario\Viale Marconi, 98, 32010 Tambre BL\\0437 439722\\BL\
Agriturismo Malga Sant'Anna\Via Cansiglio, 23, 32010 Sant'Anna BL\\347 790 8814\\BL\
El Tabaro\Via Tabaro, 30, 36052 Enego VI\https://www.eltabaro.it/\348 843 2296\Icon_mucca@2x.png el.tabaro@yahoo.it\VI\
Agriturismo Busa dei Sbrase\via busa dei sbrase, 1, 32027 Taibon Agordino BL\https://busadeisbrase.it/\350 039 3671\info@busadeisbrase.it\BL\
Made in Malga\Piazza Giovanni Carli, 36012 Asiago VI\http://www.madeinmalga.it/\\bootstrap@5.3.3 wght@9..144 segreteria@gurucomunicazione.it\VI\
Cantina Fasol Menin\Via Fasol e Menin, 22, 31049 Valdobbiadene TV\https://www.fasolmenin.it/\0423 974262\\TV\
Caseificio Turato Silvano\Via Molini, 51, 35010 Villafranca Padovana PD\https://caseificioturatosilvano.com/\049 907 6246\\PD\
Agriturismo Malga Passo Zovo\localit Pramai, 32040 San Pietro di Cadore BL\https://www.facebook.com/Agriturismo-Malga-Passo-Zovo-318932934953092/\348 432 3750\\BL\
Agriturismo Pra' della Fratta\Localita' Val Visdende, Snc, 32040 San Pietro di Cadore BL\https://www.agriturismopradellafratta.it/\333 744 8650\\BL\
Agritur Dalaip dei Pape\loc. Dalaibi Primiero San Martino di Castrozza TN IT, 38054 Primiero San Martino di Castrozza TN\http://www.agriturdalaip.it/\329 191 5445\info@agriturdalaip.it fattoria@agriturdalaip.it\TN\
MozzaRisella\Via Paolo Vigan, 22, 31031 Caerano di San Marco TV\http://mozzarisella.com/\0423 564602\\TV\
Spert\\\\\\
Busche\\\\\\
Malga Juribello\38054 Passo Rolle TN\\348 892 5841\\TN\
Pasticceria Lucian\Via Roma, 169, 38050 Mezzano TN\https://pasticcerialucian.it/\334 393 8918\\TN\
Agriturismo Fattoria Bombassei\Via Valle Ansiei, 7, 32041 Auronzo di Cadore BL\https://www.agriturismo-bombassei.it/\0435 340503\contatto@esempio.it\BL\
Agritur Malga Valfontane\Localit Valfontane, 38050 Castello Tesino TN\https://www.agriturismotrentino.com/it/agritur-malga-valfontane/59-62\349 562 2048\info@agriturismotrentino.com\TN\
Sella di Razzo - 1760m\SP619, 16, 32040 Vigo di Cadore BL\\\\BL\
Renaz\\\\\\
Boton D'Oro\Via Cima Gogna, 29, 32041 Auronzo di Cadore BL\http://www.botondoro.it/\0435 400097\focus-within-polyfill@5.0.9 react-dom@18.3.1 rspack@1.6.8 react@18.3.1 core-js-bundle@3.2.1 intl-segmenter@11.7.10 605a7baede844d278b89dc95ae0a9123@sentry-next.wixpress.com lodash@4.17.23\BL\
Alper supermercati - Dueville\Via Valdastico, 2, 36031 Dueville VI\https://www.alisupermercati.it/negozi-e-volantini/negozi/aliper-dueville?utm_source=google&utm_medium=schede-google&utm_campaign=store-dueville\0444 368078\\VI\
Piccola Formaggeria Artigiana\Via Belluno, Snc, 01100 Viterbo VT\http://www.piccolaformaggeriaartigiana.com/\328 006 3238\formaggeriaartigiana@gmail.com\VT\
Soc. Coop. Latteria Agricola Di Tisoi\Via Antonio da Tisoi, 24, 32100 Belluno BL\\0437 294422\\BL\
Malga Casapinello\CASAPINELLO38050, 38050 Torcegno TN\https://malgacasapinello.my.canva.site/malga-casapinello\345 626 8614\federicastroppa2002@gmail.com\TN\
Malga Contrin\Via de Contrin, 38032 Alba TN\http://www.malgacontrinvaldifassa.it/\334 824 4446\contatti@malgacontrinvaldifassa.it\TN\
Malga Laste\Laste di, 32023 Rocca Pietore BL\\333 686 4246\\BL\
