Caseificio Perrella - TuaLat s.r.l.\Via della Siderurgia, 12, 37139 Verona VR\https://www.caseificioperrella.it/\045 851 1035\\VR\
LA CASARA RONCOLATO\Via Nuova, 1, 37030 Ronc VR\https://lacasara.it/\045 746 0052\core-js-bundle@3.2.1 dd84cdb4b7424f93a4f1cfbe0389bdab@o37417.ingest.sentry.io 0fd2930120484402ac9adfb9e05cacd5@o37417.ingest.sentry.io react-dom@18.3.1 9a65e97ebe8141fca0c4fd686f70996b@sentry.wixpress.com 79baaa8e09c746d2b7401643b99792e0@sentry.wixpress.com 78f7996315bc402f9dcb8a2f974b82d1@sentry.wixpress.com react@18.3.1 8c4075d5481d476e945486754f783364@sentry.io info@lacasara.it 8eb368c655b84e029ed79ad7a5c1718e@sentry.wixpress.com nfo@lacasara.it intl-segmenter@11.7.10 focus-within-polyfill@5.0.9 605a7baede844d278b89dc95ae0a9123@sentry-next.wixpress.com 18d2f96d279149989b95faf0a4b41882@sentry-next.wixpress.com 5d1795a2db124a268f1e1bd88f503500@sentry.wixpress.com lodash@4.17.23 rspack@1.6.8\VR\
Caseificio Pugliese Leone\Via Alessandro Volta, 4A, 37062 Dossobuono VR\https://www.caseificioleone.com/\320 532 7923\\VR\
Caseificio San Girolamo\Via Gorizia, 9, 37069 Rosegaferro VR\https://www.caseificiosangirolamo.it/\045 790 0472\info@caseificiosangirolamo.it\VR\
Caseificio Ghidetti s.r.l.\Via Vivaldi, 201, 37050 Isola Rizza VR\http://www.caseificioghidetti.it/\045 713 5711\\VR\
Caseificio Dalla Valentina S.r.l.\Via Stander, 1, 37030 Velo Veronese VR\https://www.caseificiodallavalentina.com/\045 783 5549\info@caseificiodallavalentina.com\VR\
Caseificio Gardoni S.a.s.\Contrada Gardun, 12, 37028 Gardun VR\\045 783 5917\\VR\
Agriform Sca\Via Rezzola, 21, 37066 Verona VR\http://www.agriform.it/\045 897 1800\\VR\
Agriturismo Fattoria Leso - Fattoria Didattica - PPL salumi, formaggi, confetture e miele\Via Marescalche, 4, 37135 Cadidavid VR\https://www.fattorialeso.com/\347 554 8138\fattorialeso@gmail.com\VR\
Caseificio Strambini\Via C del Fieno 18 37059, Santa Maria VR\https://www.granapadano.it/it-it/il-consorzio-di-tutela/i-protagonisti-i-consorziati/caseificio-strambini-srl/\045 785 0151\amministrazione@caseificiostrambini.191.i goitese@latteriagoitese.it amministrazione@caseificiostrambini.191.it\VR\
Dall'Ora Roberto & C. Sas\Via Giacomo Favretto, 13, 37138 Verona VR\\045 567819\\VR\
