Latteria Sant'Andrea Societ Agricola Cooperativa\Via Ugo Bassi, 2, 31100 Treviso TV\http://www.lattsantandrea.com/dove-trovare-i-prodotti-latteria-santandrea/\0422 302327\info@latteriasantandrea.it\TV\
Caseificio Gaion\Via Borgo Cattanei, 12, 31048 Cavri TV\https://it-it.facebook.com/CaseificioGaion/\0422 797614\\TV\
Latteria Turnaria Azzolin\Via Barbarana, 88, 31050 Monastier di Treviso TV\\347 895 2681\\TV\
Azienda Agricola Tre Comuni\Via dei Tre Comuni, 31036 Istrana TV\http://www.trecomuni.it/\0422 731171\commerciale@itcook.it info@trecomuni.it info@freehtml5.co\TV\
Spaccio Formaggi di Treviso - Az. Venturin\Via Everest, 9C, 31100 Treviso TV\https://www.aziendaagricolaventurin.it/\0422 157 6622\\TV\
Caseificio Artigiano Zanchetta\Via Trento e Trieste, 17, 31032 Casale Sul Sile TV\http://www.prontolatte.it/\0422 822565\\TV\
Il Caseificio di Roncade\Via Pantiera, 5, 31056 Roncade TV\http://www.ilcaseificiodironcade.it/\0422 707016\info@ilcaseificiodironcade.it\TV\
Latteria Sant'Andrea\Via Capitello, 66, 31050 Santandr TV\http://www.latteriasantandrea.it/\0422 870123\info@latteriasantandrea.it\TV\
Latte e formaggi, salumi e piaceri alimentari\Via Sant'Antonino, 110, 31100 Treviso TV\https://www.lattee.it/\0422 320716\\TV\
Caseificio Tonon srl\Via O. Alessandrini, 77A, 31059 Zero Branco TV\http://www.caseificiotonon.it/\0422 97621\\TV\
Caseificio Lia dei f.lli Barattin\Via Liette II Tronco, 5, 31010 Ormelle TV\http://www.caseificiolia.it/\0422 745242\caseificiolia@gmail.com\TV\
Caglio Vitello\Via Plinio Il Vecchio, 18, 31100 Treviso TV\\0422 400300\\TV\
La Casearia Carpenedo S.R.L.\Via Santandr, 17, 31050 Camal TV\http://www.lacasearia.com/\0422 872178\info@lacasearia.com\TV\
Tomasoni Formaggi\Via Bovon, 3, 31030 Breda di Piave TV\https://tomasoniformaggi.it/\0422 686200\\TV\
Caseificio Fratelli Castellan\Via Sotto Treviso, 45, 31047 Ponte di Piave TV\http://www.fratellicastellan.it/\0422 759672\\TV\
Consorzio per La Tutela del Formaggio Casatella Trevigiana Dop\Viale Sante Biasuzzi, 20, 31038 Paese TV\https://www.casatella.it/\0422 422040\\TV\
Latteria e Caseificio Moro S.r.l.\Via Postumia, 281, 31045 Motta di Livenza TV\https://www.caseificiomoro.com/\0422 768734\\TV\
Azienda Agricola Venturin\Via Risorgimento, 6, 31027 Venturali TV\http://www.aziendaagricolaventurin.it/prodotti-caseificio-treviso/\0422 722115\\TV\
Frescolat Srl\Via dell'Artigianato, 31031 Caerano di San Marco TV\http://www.frescolat.it/\0423 564602\info@frescolat.it wght@100..800 bootstrap-icons@1.11.3 masonry-layout@4.2.2 photoswipe@5.4.4 wght@400..700\TV\
Latteria Montelliana S.n.c.\Viale Caccianiga, 48, 31052 Maserada sul Piave TV\http://www.latteriamontelliana.com/\0422 778401\info@latteriamontelliana.com\TV\
