Caseificio Artigiano Zanchetta\Via Trento e Trieste, 17, 31032 Casale Sul Sile TV\http://www.prontolatte.it/\0422 822565\\TV\
Il Caseificio di Roncade\Via Pantiera, 5, 31056 Roncade TV\http://www.ilcaseificiodironcade.it/\0422 707016\info@ilcaseificiodironcade.it\TV\
Vendia Fattorie\Via Giannino Ancillotto, 96, 30020 Eraclea VE\http://www.venediafattorie.it/\0421 318483\info@venediafattorie.it\VE\
Aliani Casa Del Parmigiano\Campo Cesare BattistiBella Viena, San Polo 214, 30125 Venezia VE\http://www.aliani-casadelparmigiano.it/\041 520 6525\info@aliani-casadelparmigiano.it\VE\
Caseificio Tonon srl\Via O. Alessandrini, 77A, 31059 Zero Branco TV\http://www.caseificiotonon.it/\0422 97621\\TV\
Caseificio Gaion\Via Borgo Cattanei, 12, 31048 Cavri TV\https://it-it.facebook.com/CaseificioGaion/\0422 797614\\TV\
Azienda agricola Basso\Via Ca' Solaro, 6e, 30173 Favaro Veneto, Venezia VE\http://aziendaagricolabasso.it/\041 501 0033\\VE\
La Casearia Carpenedo S.R.L.\Via Santandr, 17, 31050 Camal TV\http://www.lacasearia.com/\0422 872178\info@lacasearia.com\TV\
Latteria Turnaria Azzolin\Via Barbarana, 88, 31050 Monastier di Treviso TV\\347 895 2681\\TV\
Caseificio Mastrolat di Cozzi Stefano\Via Gritti, 20, 30021 Porto Santa Margherita VE\https://www.montasio.com/de/socio/caseificio-cozzi-stefano/\0421 260480\info@formaggiomontasio.net stefanocozzi.caorle@gmail.com\VE\
Caseificio Udine\Via dei Martiri, 14, 33010 Feletto Umberto UD\\380 681 8550\\UD\
Latteria e Caseificio Moro S.r.l.\Via Postumia, 281, 31045 Motta di Livenza TV\https://www.caseificiomoro.com/\0422 768734\\TV\
Latteria Formaggi e Salumi Birello Paride\Viale S. Marco, 68, 30020 Marcon VE\\041 456 8590\\VE\
Caseificio della Savia\Via a. Manzoni, 27, 33031 Basiliano UD\https://www.caseificiodellasavia.com/\0432 84516\\UD\
Azienda Agricola Tre Comuni\Via dei Tre Comuni, 31036 Istrana TV\http://www.trecomuni.it/\0422 731171\info@freehtml5.co info@trecomuni.it commerciale@itcook.it\TV\
Nuova Cisa Formaggi\Via Roma, 292, 35010 San Giorgio delle Pertiche PD\http://www.nuovacisaformaggi.it/\049 574 2194\\PD\
Caseificio Turato Silvano\Via Molini, 51, 35010 Villafranca Padovana PD\https://caseificioturatosilvano.com/\049 907 6246\\PD\
Latteria Sant'Andrea Societ Agricola Cooperativa\Via Ugo Bassi, 2, 31100 Treviso TV\http://www.lattsantandrea.com/dove-trovare-i-prodotti-latteria-santandrea/\0422 302327\info@latteriasantandrea.it\TV\
Caseificio Russo - Produzione Di Mozzarella E Latticini\Via Molino Baglioni, 8, 35010 Massanzago-ca' Baglioni PD\\049 579 7107\\PD\
Caseificio Val Tagliamento\Via Casolari, 3, 33020 Enemonzo UD\http://www.caseificiovaltagliamento.it/\0433 74349\info@caseificioenemonzo.it\UD\
