Ristorante La Tavernetta Eraclea, Venezia- Specialit Pesce\\https://ristorante-latavernetta.com/\\info@ristorante-latavernetta.com\\
Rosticceria Gislon\\https://ristorante-latavernetta.com/\\info@ristorante-latavernetta.com\\
WEnice Streetfood\\https://ristorante-latavernetta.com/\\info@ristorante-latavernetta.com\\
Gastronomia Prosciutteria Marzaro Gastone\Via Cittanova, 48, 30020 Eraclea VE\https://ristorante-latavernetta.com/\0421 316091\info@ristorante-latavernetta.com\VE\Sponsorizzato
Osteria Vineria Gastronomica Sepa\Via Cittanova, 48, 30020 Eraclea VE\https://ristorante-latavernetta.com/\0421 316091\info@ristorante-latavernetta.com\VE\Sponsorizzato
La Gastronomia\Via Cittanova, 48, 30020 Eraclea VE\https://ristorante-latavernetta.com/\0421 316091\info@ristorante-latavernetta.com\VE\Sponsorizzato
Hostaria Osottoosopra\Via Cittanova, 48, 30020 Eraclea VE\https://ristorante-latavernetta.com/\0421 316091\info@ristorante-latavernetta.com\VE\Sponsorizzato
\Via Cittanova, 48, 30020 Eraclea VE\https://ristorante-latavernetta.com/\0421 316091\info@ristorante-latavernetta.com\VE\Sponsorizzato
CIBO venezia\Via Cittanova, 48, 30020 Eraclea VE\https://ristorante-latavernetta.com/\0421 316091\info@ristorante-latavernetta.com\VE\Sponsorizzato
La Prosciutteria Venezia\Via Cittanova, 48, 30020 Eraclea VE\https://ristorante-latavernetta.com/\0421 316091\info@ristorante-latavernetta.com\VE\Sponsorizzato
Bacarretto Bistrot. Il Siciliano\Via Cittanova, 48, 30020 Eraclea VE\https://ristorante-latavernetta.com/\0421 316091\info@ristorante-latavernetta.com\VE\Sponsorizzato
