Sempre Queo Osteria Wine Bar\Piazza Foro Boario, 13, 31029 Vittorio Veneto TV\http://www.semprequeo.it/\0438 554930\\TV\Sponsorizzato
Gastronomia Danesin\Corso del Popolo, 2224, 31100 Treviso TV\https://www.danesin.it/\0422 540625\danesin.tv@gmail.com\TV\
Gastronomia Albertini\Via Tommaso da Modena, 13, 31100 Treviso TV\https://albertinigastronomia.com/\328 447 0015\\TV\
Gastronomia Da Mauro\Via Santa Bona Vecchia, 20, 31100 Treviso TV\https://www.gastronomiadamauro.it/\0422 235767\mauro.rubinato@libero.it\TV\
Gastronomia IL 5 SAPORE\Str. Feltrina, 94, 31100 Treviso TV\http://www.il5sapore.it/\0422 524451\\TV\
Gastronomia Fiera - Rosticceria da asporto.\Via Amalteo Pomponio, 21, 31100 Treviso TV\\0422 419338\\TV\
Degusto\Viale Monte Grappa, 12, 31100 Treviso TV\http://www.degustobonato.it/\0422 432153\\TV\
Gastronomia Trevigiana di Solidoro Sabrina\Strada Comunale delle Corti, 29, 31100 Treviso TV\\0422 301590\\TV\
KinGrill - Rosticceria per asporto\Viale Monfenera, 33, 31100 Treviso TV\\0422 261270\\TV\
Zucchello Emporium\Via di S. Pelaio, 135, 31100 Treviso TV\http://www.zucchello.it/\0422 301171\emporium@zucchello.it\TV\
Le Papere Gastronomia - Bistrot (Borgo Cavour - Santi Quaranta)\Borgo Camillo Benso Conte di Cavour, 111, 31100 Treviso TV\http://www.le-papere.it/\0422 183 8806\jquery.scrollto@2.1.2 info@le-papere.it\TV\
Casa del Baccal\P.za S. Vito, 33, 31100 Treviso TV\\328 777 0787\\TV\
Fermi\Via S. Parisio, 1517, 31100 Treviso TV\http://www.fermi-treviso.com/\0422 540818\info@fermi-treviso.com\TV\
Spiedo d'Oro - Rosticceria da asporto.\Via Palestro, 25, 31100 Treviso TV\\0422 546844\\TV\
Albertini - La Bottega\Via Callalta, 56 A, 31057 Lanzago TV\https://albertinilabottega.com/\388 304 2000\\TV\
Macelleria Stecca Gastronomia\Borgo Camillo Benso Conte di Cavour, 4, 31100 Treviso TV\http://www.macelleriastecca.it/\0422 541764\macelleriastecca@gmail.com\TV\
Ji Xiang Rosticceria Ristorante cinese e sushi\Via Carlo Cattaneo, 1, 31100 Treviso TV\http://www.jixiang.it/\320 822 6744\\TV\
IN DISPENSA - specialit alimentari\Via degli Alpini, 8, 31030 Carbonera TV\http://www.indispensacarbonera.it/\0422 397908\\TV\
Saporitour\P.za del Quartiere Latino, 16, 31100 Treviso TV\https://www.saporitour.it/\375 642 8738\utente@dominio.com.\TV\
AL.MA - Bistrot dei Sapori Partenopei\Via Inferiore, 34, 31100 Treviso TV\https://www.almabistrot.it/\0422 134 3290\almabistrotreviso@gmail.com\TV\
\Via Inferiore, 34, 31100 Treviso TV\https://www.almabistrot.it/\0422 134 3290\almabistrotreviso@gmail.com\TV\AL.MA - Bistrot dei Sapori Partenopei
