Salumificio Da Pian\Via Internati 1943 - 1945, 12, 31057 Silea TV\https://dapian.it/\0422 362477\info@dapian.it\TV\
La Salumeria di Eustacchio\Via Maffeo Pantaleoni, 1, 31030 Dosson TV\http://www.salumeria-eustacchio.it/\0422 491659\salumeria-eustacchio@tecnopec.it info@salumeria-eustacchio.it\TV\
Salumificio Roncadese\Via F. Manera, 21, 31056 Roncade TV\http://www.salumificioroncadese.it/\0422 840725\\TV\
Salumificio e ingrosso carni Toresan\Via Talponera, 66a, 31050 Ponzano Veneto TV\http://www.toresan.it/\0422 523296\info@toresan.it\TV\
Salumificio Piovesan S.r.l.\Via Cal Lusent, 55, 31040 Pederobba TV\http://www.salumificiopiovesan.com/\0423 688718\info@salumificiopiovesan.com\TV\
Macelleria Gastronomia Succulenta\Strada di Santa Bona Nuova, 67, 31100 Treviso TV\https://m.facebook.com/macelleria.succulenta.tv/?ref=bookmarks\0422 231104\\TV\
Salumificio Stecca Srl\Via del Cristo, 11C, 31044 Montebelluna TV\http://www.salumificiostecca.it/\0423 86270\salumificiosteccasrl@gmail.com\TV\
Salumificio Artigianale Celotto\Via Misquile, 13, 31030 Borso del Grappa TV\http://www.salumeriaonline.it/\0423 561703\\TV\
Becher S.p.a\Via Postumia, 36, 31050 Ponzano Veneto TV\https://www.becher.it/\0422 9613\info@becher.it por-regione-veneto-150x100@2x.jpg\TV\
Salumi De Stefani Srl\Str. di Guia, 31, 31049 Valdobbiadene TV\https://www.salumidestefani.it/\0423 901065\\TV\
Zucchello Emporium\Via di S. Pelaio, 135, 31100 Treviso TV\http://www.zucchello.it/\0422 301171\emporium@zucchello.it\TV\
Macelleria Stecca Gastronomia\Borgo Camillo Benso Conte di Cavour, 4, 31100 Treviso TV\http://www.macelleriastecca.it/\0422 541764\macelleriastecca@gmail.com\TV\
Salumificio Bianco Angelo\Via Roma Fraz. Solighetto, 14, Via Roma, 14, 31053 Solighetto TV\https://www.salumificiobianco.com/\0438 82805\\TV\
Fermi\Via S. Parisio, 1517, 31100 Treviso TV\http://www.fermi-treviso.com/\0422 540818\info@fermi-treviso.com\TV\
Salumificio Azienda Agricola Torresan s.s.\Via Ivo Lollini, 16, 31035 Crocetta del Montello TV\https://www.salumitorresan.it/\0423 84845\info@salumitorresan.it bootstrap-icons@1.11.3 amministrazione@salumitorresan.it\TV\
Spaccio Formaggi di Treviso - Az. Venturin\Via Everest, 9C, 31100 Treviso TV\https://www.aziendaagricolaventurin.it/\0422 157 6622\\TV\
Pianeta Alimentare S.R.L.\Via Monte Grappa, 3335, 31020 Vidor TV\http://www.pianetalimentare.com/\0423 987151\info@pianetalimentare.it\TV\
Latte e formaggi, salumi e piaceri alimentari\Via Sant'Antonino, 110, 31100 Treviso TV\https://www.lattee.it/\0422 320716\\TV\
Gastronomia Danesin\Corso del Popolo, 2224, 31100 Treviso TV\https://www.danesin.it/\0422 540625\danesin.tv@gmail.com\TV\
Alimentari Al Casoin\Via Ghirada, 16, 31100 Treviso TV\\0422 403383\\TV\
Spaccio Becher\Via Roma, 1, 31050 Ponzano TV\https://www.becher.it/spaccio-becher/\0422 961499\por-regione-veneto-150x100@2x.jpg Spaccio-carousel-4-600x600@2x.jpg Spaccio-carousel-6-600x600@2x.jpg Spaccio-carousel-3-600x600@2x.jpg Spaccio-carousel-1-600x600@2x.jpg info@becher.it Spaccio-carousel-5-600x600@2x.jpg Spaccio-carousel-2-600x600@2x.jpg\TV\
Gastronomia Da Mauro\Via Santa Bona Vecchia, 20, 31100 Treviso TV\https://www.gastronomiadamauro.it/\0422 235767\mauro.rubinato@libero.it\TV\
Macelleria Gastronomia Azienda Agricola Torresan\Via Giuseppe Mazzini, 5, 31040 Trevignano TV\https://www.salumitorresan.it/\342 104 9698\info@salumitorresan.it bootstrap-icons@1.11.3 amministrazione@salumitorresan.it\TV\
Life 120 Lo Spaccio Treviso\Via Alessandro Manzoni, 32, 31100 Treviso TV\https://life120lospaccio.it/\0422 152 0149\ajax-loader@2x.gif\TV\
Fedalto Odino\Via Pitter, 2, 31055 Quinto di Treviso TV\\0422 379546\\TV\
La Mortadella Bar\Via Postumia Est, 136, 31048 Bocca Callalta TV\\0422 271818\\TV\
Salumeria Miatto dal 1940\Via Ungheresca, 1C, 31025 Santa Lucia di Piave TV\\0438 701783\\TV\
Salumificio San Giacomo S.n.c. di Canton Liviano e Canton Pierangelo\Via Cal de Livera, 72, 31029 Vittorio Veneto TV\http://www.salumificiosangiacomo.com/\0438 501083\info@salumificiosangiacomo.com\TV\
Gastronomia IL 5 SAPORE\Str. Feltrina, 94, 31100 Treviso TV\http://www.il5sapore.it/\0422 524451\\TV\
Latteria Sant'Andrea Societ Agricola Cooperativa\Via Ugo Bassi, 2, 31100 Treviso TV\http://www.lattsantandrea.com/dove-trovare-i-prodotti-latteria-santandrea/\0422 302327\info@latteriasantandrea.it\TV\
Bechr House\Via Roma, 1, 31050 Ponzano TV\http://www.becherhouse.it/\0422 967872\info@becherhouse.it\TV\
Macelleria Cendron\Str. Feltrina, 11, 31038 Paese TV\http://www.macelleriacendron.it/\0422 959294\cendroncarni@virgilio.it\TV\
Azienda agricola Visentin Ivano e Claudio\Via Santa Bona Vecchia, 96, 31100 Treviso TV\https://www.facebook.com/Dalcontadin\366 474 6467\\TV\
Prodotti tipici Veneti  Salumi veneti  La fattoria di Michele Cordignano\Via Isonzo, 13, 31016 Cordignano TV\\347 975 6163\\TV\
Vendrame Pompeo & Figli S.N.C.\Via Montello, 16, 31100 Treviso TV\\0422 301812\\TV\
Spiga dOro - Alimentazione biologica, Erboristeria, alimenti per celiaci\Viale della Repubblica, 193i, 31100 Treviso TV\http://www.spigadoro.org/\0422 308677\\TV\
Heidi&Peter - Brezel & Tyrol Bakery\Via Martiri della Libert, 52, 31100 Treviso TV\https://heidiepeter.it/\345 393 6481\\TV\
Macelleria da Luca\Viale Brigata Treviso, 46, 31100 Treviso TV\\347 911 2765\\TV\
Salumeria Marcon\Str. delle Bruscole, 11, 31015 Conegliano TV\\0438 788095\\TV\
Macelleria Pavan\Via Roma, 32, 31057 Silea TV\\0422 362838\\TV\
Sartorato Ferdinando & C. S.N.C.\Str. Terraglio, 88, 31100 Treviso TV\\0422 402634\\TV\
Casa del Parmigiano\Via Palestro, 40, 31100 Treviso TV\https://m.facebook.com/casadelparmigianotreviso/?locale2=it_IT\0422 412028\\TV\
Mercato coperto Riviera Santa Margherita\Piazza Angelo Giustinian Recanati, 8, 31100 Treviso TV\https://www.campagnamica.it/la-nostra-rete/mercato/mercato-campagna-amica-di-riviera-santa-margherita/\366 672 2499\\TV\
Martini Carni e Salumi di Martini Andrea e Giovanni S.a.s.\Via Roma, 122, 31050 Ponzano TV\\0422 963270\\TV\
SPAK Supermercato - di via San Pelajo\Via di S. Pelaio, 177, 31100 Treviso TV\http://www.spaksupermercati.it/\0422 440032\info@spaksupermercati.it\TV\
Agricola Rosato\Via Asolana, 60, 31030 San Vito TV\\333 235 1927\\TV\
A.M.M. 53 S.r.l.\Via Alva Thomas Edison, 23, 31020 Lancenigo TV\https://www.amm53.com/\0422 910316\info@amm53.com amm53@legalmail.it\TV\
SuperVisotto Treviso\Viale Michelangelo B., 14, 31100 Treviso TV\http://www.supermercativisotto.it/\0422 402137\bootstrap@5.2.0 bootstrap-icons@1.3.0\TV\
Al supermercati - Via Noalese\Via Noalese, 72D, 31100 Treviso TV\https://www.alisupermercati.it/negozi-e-volantini/negozi/treviso-3?utm_source=google&utm_medium=schede-google&utm_campaign=treviso-3\0422 230541\\TV\
Al Doc - Prosciutteria con Cucina\Via Postumia, 1A, 31055 Quinto di Treviso TV\https://www.aldocweb.com/\0422 451548\info@aldodici.it utente@dominio.com. areadok@aldodici.it\TV\
Fabbrica in Pedavena\Via della Quercia, 2F, 31100 Treviso TV\https://www.scoutmenu.it/dettagli-locale.php?id=1554\0422 433469\\TV\
METRO TREVISO\Via Internati 1943 - 1945, 31057 Silea TV\https://www.metro.it/punti-vendita/treviso-silea?utm_source=gmb&utm_medium=organic&utm_content=website&utm_term=treviso-silea\0422 366111\\TV\
Azienda Agricola Cantine I Padroncini\Via Padroncino, 2, 31048 San Biagio di Callalta TV\https://www.cantineipadroncini.com/\333 311 2100\605a7baede844d278b89dc95ae0a9123@sentry-next.wixpress.com react-dom@18.3.1 core-js-bundle@3.2.1 rspack@1.6.8 react@18.3.1 8c4075d5481d476e945486754f783364@sentry.io focus-within-polyfill@5.0.9 lodash@4.17.23 intl-segmenter@11.7.10\TV\
Panorama\Viale della Repubblica, 11, 31100 Treviso TV\https://www.pampanorama.it/punti-vendita/panorama-treviso\0422 214511\\TV\
Osteria Canova\Via Mura di S. Teonisto, 2, 31100 Treviso TV\https://famenu.app/osteriacanova/Y6R8CoT18buIEQ5baBPX\0422 546812\info@famenu.it\TV\
Cadoro Superstore - Treviso\Via Postumia, 43, 31100 Treviso TV\https://www.cadoro.it/punti-vendita/postumia\0422 360502\\TV\
Biosapori Treviso\Strada del Mozzato, 2, 31100 Treviso TV\https://www.biosapori.com/\0422 403016\abc@xyz.com\TV\
Macelleria Roberto di Favaro Francesca & C. SNC\Via Vittorio Emanuele, 95, 31055 Quinto di Treviso TV\\0422 370603\\TV\
Al supermercati - Via Milani\Via Don Lorenzo Milani, 2 A, 31100 Treviso TV\https://www.alisupermercati.it/negozi-e-volantini/negozi/treviso-1?utm_source=google&utm_medium=schede-google&utm_campaign=store-treviso-1\0422 460169\\TV\
KinGrill - Rosticceria per asporto\Viale Monfenera, 33, 31100 Treviso TV\\0422 261270\\TV\
Al supermercati - Via Di Fulvio\Via Nicola di Fulvio, 5, 31100 Treviso TV\https://www.alisupermercati.it/negozi-e-volantini/negozi/treviso-2?utm_source=google&utm_medium=schede-google&utm_campaign=store-treviso-2\0422 22404\\TV\
Alper supermercati - Castagnole di Paese\Di Paese TV IT, Viale Bruxelles, 3Int 9, 31038 Castagnole TV\https://www.alisupermercati.it/negozi-e-volantini/negozi/aliper-paese?utm_source=google&utm_medium=schede-google&utm_campaign=store-castagnole\0422 451084\\TV\
Mini Mix Treviso\Via Angelo Giustinian Recanati, 4, 31100 Treviso TV\https://mixmarkt.it/negozi/mini-mix-treviso-tv-via-recanati/\327 022 2946\\TV\
Supermercato Mega Noalese\Via Noalese, 110, 31100 Treviso TV\https://www.megaprezzibassi.it/stores/mega-treviso/\0422 230998\8009350401699@5-1-150x150.jpg 8000500283189@5-2.jpg 4060800120663@5.jpg 8021230000433@1-768x768.jpg 80938644@5-1024x1024.jpg 80059318@1.jpg 8720182307835@5-1-150x150.jpg 8718951775176@5.jpg 8003650024121@5-1536x1536.jpg 8032597603380@1-1-768x768.jpg 8003100024213@1-150x150.jpg 8054729871993@5-300x300.jpg 8003650024176@5-1000x1000.jpg 8001681022277@5.jpg 80938644@5-768x768.jpg 8000050014585@5-1-300x300.jpg 8000050017470@5-1-1492x1536.jpg 5410358409472@5.jpg 8004690616604@5-1-1536x1536.jpg 8000500283158@5-1-1024x1024.jpg 8015100578665@5-1024x1024.jpg 5410358443148@5-1024x1024.jpg 8007660189009@1-1-768x768.jpg 8000050017470@5-1.jpg 8000500283158@5-1024x1024.jpg 8002795001714@5-1-150x150.jpg 8054729871993@5.jpg 8009350404317@5-1-1024x1024.jpg 8700216307796@5.jpg 8720181201424@5-1536x1536.jpg 8720181291692@5-1-1536x1536.jpg 8000105000990@1.jpg 5410358409472@5-1024x1024.jpg 8712100840715@5-1-1024x1024.jpg 8720182307842@5-1-1024x1024.jpg 8000139004261@5-1-300x214.jpg 8714800007191@5-1000x1000.jpg 8034028337376@5-1-300x300.jpg 8021230000433@1-150x150.jpg 8007660189009@1-1-1536x1536.jpg 8720181284274@5-1-768x768.jpg 8015100578955@5-1.jpg 7613287300638@5-1-1000x1000.jpg 8000590113229@5.jpg 8710447320655@5-1000x1000.jpg 5410358443148@5-1000x1000.jpg 8009350404317@5-1-150x150.jpg 4017100264610@5-300x300.jpg 5449000337672@5-300x300.jpg 8015100578955@5-1-1024x1024.jpg 8054729871993@5-768x768.jpg 8003650024121@5-768x768.jpg 8001348161455@1-150x150.jpg 8000500283158@5-300x300.jpg 8700216307604@5-1000x1000.jpg 8720181291586@5-1-1536x1536.jpg 8076809582186@5-1-300x300.jpg 8000500283189@5-2-1000x1000.jpg 8001100070575@5-1000x1000.jpg 8002732105192@5-1.jpg 8000050025079@5-1024x1024.jpg 8002333020979@5-1-768x768.jpg 8000139000034@5-1.jpg 008779606001@W609H883-1000x1000.jpg 8410188012092@5-1-1536x1536.jpg 5449000337672@5-1000x1000.jpg 8018426007079@5-1024x1024.jpg 8000500283189@5-1-150x150.jpg 5449000255426@5-1000x1000.jpg 8003100006127@1.jpg 8003650024176@5-150x150.jpg 8720182307842@5-1-150x150.jpg 80073246@5-1-1000x1000.jpg 8003650024121@5-150x150.jpg 8000500283158@5-768x768.jpg 8032597601157@1-1-150x150.jpg 8009350404317@5-1-768x768.jpg 80059318@1-82x300.jpg 8000500283158@5-1.jpg 8001280034107@5-1-150x150.jpg 8720181291692@5-1.jpg 8718951775169@5-150x150.jpg 8000500283189@5-1.jpg 8000590113106@5-1000x1000.jpg 8000500283189@5-2-300x300.jpg 8000139007057@5-1-1536x1536.jpg 8720181291692@5-1-1024x1024.jpg 8720181291692@5-1-768x768.jpg 8001280034107@5-1-1536x1536.jpg 8003100864451@1-150x150.jpg 8000590113113@5-300x300.jpg 80073222@5-1-1536x1536.jpg 8000212060313@5-1-768x768.jpg 8000500310427@5-1-1024x1024.jpg 8034028337376@5-1-150x150.jpg 80073222@5-1-300x300.jpg 8007660189009@1-1-150x150.jpg 8004690611517@5.jpg 8001100069715@5-1536x1536.jpg 8021230000433@1-1536x1536.jpg 8003100016218@5.jpg 8002004215079@5-1-1000x1000.jpg 8015100578719@5-768x768.jpg 8032098000435@1-1536x1536.jpg 4017100272912@5-768x768.jpg 8032597608019@1-1-768x768.jpg 8012431423060@1-1536x1536.jpg 8003495530436@5-1-768x768.jpg 8720182303097@5-1000x1000.jpg 8002790048240@5-1-150x150.jpg 8003100006127@1-1536x1536.jpg 8023788011121@1-1.jpg 8000350008376@5-150x150.jpg 5449000237118@5-1-768x768.jpg 8002732105192@5-1-1000x1000.jpg 5449000337672@5-150x150.jpg 8000050017470@5-1-768x791.jpg 4060800120663@5-300x300.jpg 80073154@5-768x768.jpg 8001440124310@5-1-300x300.jpg 8002333020979@5-1-150x150.jpg 8032597601157@1-1-1536x1536.jpg 8000350008376@5-768x768.jpg 8032597608019@1-1-150x150.jpg 8000350008376@5-1000x1000.jpg 8004460000084@5-2-1024x1024.jpg 8000201000061@5-1536x1536.jpg 8004690611517@5-1536x1536.jpg 8009350406007@5-1-768x768.jpg 8009350406007@5-1-1536x1536.jpg 8003100801166@5-768x768.jpg 8720182307835@5-1-768x768.jpg 8700216307567@5.jpg 8004690612002@5-1-1024x1024.jpg 8015100578955@5-1-150x150.jpg 8003650024176@5.jpg 8000105000990@1-1500x900.jpg 8003100864451@1-1536x1536.jpg 8700216307659@5-768x768.jpg 8700216307659@5-1000x1000.jpg 8003294870344@5.jpg 8002333020979@5-1-300x300.jpg 8000050500200@5-1-300x300.jpg 8720181284274@5-1.jpg 8720181339929@5-1-150x150.jpg 8032597601157@1-1-1024x1024.jpg 8012698018108@1-1536x1536.jpg 8000050025079@5-3-1024x1024.jpg 8700216307604@5-768x768.jpg 8001115000697@5-1000x1000.jpg 8009350406007@5-1.jpg 8054729871993@5-1536x1536.jpg 8004690611906@5-150x150.jpg 8000500391228@5-772x1024.jpg 8700216307604@5.jpg 80073246@5-1.jpg 4017100272912@5-1536x1536.jpg 8000590113106@5-768x768.jpg 8720182307842@5-1-1000x1000.jpg 8007660180822@5-1024x1024.jpg 8000139007095@5-1-768x768.jpg 8000139007095@5-1-300x300.jpg 8000500391228@5-754x1000.jpg 8000500283158@5-150x150.jpg 7613287300638@5-1-1024x1024.jpg 8001348161462@1-300x300.jpg 8003495530436@5-1-1536x1536.jpg 8003650024121@5-300x300.jpg 8000500391228@5-768x1019.jpg 8700216307765@5-1536x1536.jpg 8000050025079@5-1000x1000.jpg 8001100069715@5-768x768.jpg 8029251204175@1-1024x1024.jpg 8000212060474@5-1-300x300.jpg 8720182307842@5-1.jpg 8710447320655@5-150x150.jpg 5449000337672@5.jpg 8714800007191@5-768x768.jpg 8003100901026@1.jpg 8000350008376@5-300x300.jpg 80073222@5-1.jpg 8007660189009@1-1.jpg 4060800120663@5-768x768.jpg 80073246@5-1-768x768.jpg 8000050025079@5-3.jpg 8012431423060@1-1024x1024.jpg 8000050017470@5-1-971x1000.jpg 5449000337672@5-768x768.jpg 8001348161455@1-1000x1000.jpg 8000212060474@5-1-768x768.jpg 8000139007095@5-1.jpg 8004690612002@5-1-1000x1000.jpg 80059318@1-280x1024.jpg 8076809524308@5-1000x1000.jpg 7613287300638@5-1-1536x1536.jpg 8000500283189@5-2-1536x1536.jpg 8700216307659@5-300x300.jpg 8004460000084@5-2-1536x1536.jpg 8000500283189@5-2-768x768.jpg 8720182307835@5-1-1000x1000.jpg 80073246@5-1-1536x1536.jpg 8002790048240@5-1-768x768.jpg 8000050014585@5-1-150x150.jpg 8001244108639@1-1-1000x1000.jpg 8000212060337@5-1-1000x1000.jpg 8720181291586@5-1-768x768.jpg 8003294870344@5-768x768.jpg 8004460000084@5-2-150x150.jpg 8007660180822@5.jpg 8003100024213@1-300x300.jpg 8001348161455@1-1536x1536.jpg 4026700507157@1-768x768.jpg 8000500283189@5-2-150x150.jpg 8000590113106@5-300x300.jpg 8003100888167@5-1-768x791.jpg 8700216307727@5.jpg 8007660180822@5-300x300.jpg 8001100070575@5-150x150.jpg 8004690612804@5-1-1000x1000.jpg 8032597602147@1-1000x1000.jpg 4017100264610@5-1000x1000.jpg 8004690611517@5-1000x1000.jpg 8034028337376@5-1-1536x1536.jpg 4017100272912@5-1000x1000.jpg 8720181201424@5-1024x1024.jpg 8003100024213@1-1000x1000.jpg 8001244108639@1-1-1024x1024.jpg 8000590113229@5-1024x1024.jpg 8001100069715@5.jpg 8000139007095@5-1-1536x1536.jpg 8007660189009@1-1-1024x1024.jpg 8720181284274@5-1-1000x1000.jpg 8004690611517@5-150x150.jpg 8000105000990@1-1024x614.jpg 8076809524308@5-300x300.jpg 8002795001714@5-1-1024x1024.jpg 8001681022277@5-150x150.jpg 8052789533288@5-1-300x300.jpg 8001100070575@5-1536x1536.jpg 4017100264610@5-768x768.jpg 8002630102217@5-1-300x300.jpg 8002630102217@5-1-1000x1000.jpg 8000050017470@5-1-995x1024.jpg 8076809582186@5-1-1024x1024.jpg 8012698018108@1-300x300.jpg 8410188012092@5-1-150x150.jpg 5410358443148@5-768x768.jpg 8003100901026@1-1536x1536.jpg 8712100840715@5-1.jpg 8012431423060@1-150x150.jpg 8700216307796@5-1000x1000.jpg 8032597602147@1-150x150.jpg 8032597601157@1-1-300x300.jpg 8034028337376@5-1.jpg 4017100264610@5-1536x1536.jpg 8001440124310@5-1-1536x1536.jpg 8032597601157@1-1-768x768.jpg 8001100070575@5-1024x1024.jpg 5410358443148@5-150x150.jpg 8002795001714@5-1-1536x1536.jpg 8002333020979@5-1-1024x1024.jpg 8004690612002@5-1-768x768.jpg 5410358409472@5-1000x1000.jpg 8004690611906@5-1536x1536.jpg 8023788011121@1-1-1536x1068.jpg 8002333020979@5-1-1000x1000.jpg 80073277@5-150x150.jpg 8004690612002@5-1-150x150.jpg 5449000237132@5-150x150.jpg 8000139000034@5-1-1000x1000.jpg 8052789533288@5-1.jpg 8003100801166@5-150x150.jpg 8023788011121@1-1-768x534.jpg 8018426007079@5-1536x1536.jpg 80073246@5-1-300x300.jpg 80073246@5-1-1024x1024.jpg 8002790048240@5-1-300x300.jpg 8004690616604@5-1-768x768.jpg 008779606001@W609H883-150x150.jpg 8001280034107@5-1.jpg 8001115000697@5-1536x1536.jpg 8003495530436@5-1.jpg 8000590113106@5.jpg 8000212060337@5-1-150x150.jpg 8720181291586@5-1-1024x1024.jpg 8720181291586@5-1-150x150.jpg 4019300151530@1-1-150x150.jpg 8004690616604@5-1-1000x1000.jpg 8710447320655@5-1536x1536.jpg 8034028337376@5-1-768x768.jpg 8001100070575@5-768x768.jpg 8712100840715@5-1-768x768.jpg 8009350404317@5-1-300x300.jpg 8001115000697@5-300x300.jpg 80938644@5.jpg 8000590113229@5-300x300.jpg 8000139007057@5-1.jpg 8006890758467@1-1-300x300.jpg 8003100864451@1-300x300.jpg 7613287300638@5-1-768x768.jpg 8034028337376@5-1-1000x1000.jpg 008779606001@W609H883-300x300.jpg 8002732105192@5-1-1536x1536.jpg 4026700507157@1-1000x1000.jpg 8003100006127@1-1000x1000.jpg 8000201000061@5-1024x1024.jpg 8000050025079@5-300x300.jpg 80059318@1-420x1536.jpg 8000050014585@5-1.jpg 8001100070575@5-300x300.jpg 4017100272912@5-1024x1024.jpg 8700216307567@5-1536x1536.jpg 8714800007191@5-150x150.jpg 8003100024213@1-768x768.jpg 8001348161455@1.jpg 8018426007079@5-1000x1000.jpg 8006890758467@1-1-768x768.jpg 8054729871993@5-150x150.jpg 8700216307765@5-1024x1024.jpg 8001100069715@5-150x150.jpg 8003100024213@1-1536x1536.jpg 8720181201424@5-150x150.jpg 8720182307842@5-1-1536x1536.jpg 8720182307842@5-1-300x300.jpg 8001280034107@5-1-300x300.jpg 8000590113229@5-150x150.jpg 8700216307604@5-1536x1536.jpg 8032098000435@1-1024x1024.jpg 8002004215079@5-1-300x300.jpg 8032597602147@1-300x300.jpg 8076809582186@5-1-150x150.jpg 8076809582186@5-1.jpg 8718951775176@5-1000x1000.jpg 8003650024176@5-1536x1536.jpg 8000604901361@5-1024x1024.jpg 8700216307765@5-300x300.jpg 8004690612804@5-1-1024x1024.jpg 8700216307796@5-768x768.jpg 4017100264610@5-150x150.jpg 7613287300638@5-1-150x150.jpg 8001244108639@1-1-150x150.jpg 8720181201424@5.jpg 8710447320655@5-300x300.jpg 8000201000061@5.jpg 8002630102217@5-1-1024x1024.jpg 8000350008376@5-1536x1536.jpg 8006890758467@1-1-1536x1536.jpg 8002333020979@5-1.jpg 8700216307567@5-150x150.jpg 8000139004261@5-1-1404x1000.jpg 8004690611517@5-300x300.jpg 8002795001714@5-1-300x300.jpg 8001348161462@1-1024x1024.jpg 8018426007079@5-150x150.jpg 5449000255402@5-1000x1000.jpg 8000590113113@5-1536x1536.jpg 8000500283158@5-1536x1536.jpg 8720181201424@5-1000x1000.jpg 8001348161462@1-768x768.jpg 008779606001@W609H883-768x768.jpg 8004690611517@5-1024x1024.jpg 8076809571517@5-150x150.jpg 8000050025079@5-1536x1536.jpg 5449000255426@5.jpg 8002590074272@5.jpg 4026700507157@1.jpg 8009350404317@5-1.jpg 8001115000697@5-150x150.jpg 8015100578665@5-150x150.jpg 8720181284274@5-1-1024x1024.jpg 8002590074272@5-1000x1000.jpg 8000604901361@5-150x150.jpg 5410358409472@5-150x150.jpg 8002004215079@5-1-1024x1024.jpg 8000212060337@5-1-768x768.jpg 8000050025079@5-3-1536x1536.jpg 8003100006127@1-768x768.jpg 8003100016218@5-1000x1000.jpg 80938644@5-150x150.jpg 8052789533288@5-1-1536x1536.jpg 4017100272912@5-150x150.jpg 8000590113113@5-150x150.jpg 8001100069715@5-1000x1000.jpg 8003100016218@5-1536x1536.jpg 8001348161455@1-768x768.jpg 80073277@5-300x300.jpg 8015100578665@5-768x768.jpg 8032597603380@1-1-1536x1536.jpg 8004460000084@5-2-768x768.jpg 8001244108639@1-1-300x300.jpg 8712100840715@5-1-1000x1000.jpg 4019300151530@1-1-1024x1024.jpg 8700216307765@5-1000x1000.jpg 5410358443148@5-1536x1536.jpg 8004690611517@5-1-300x300.jpg 8000500283158@5-1-768x768.jpg 8003100024213@1.jpg 8700216307659@5.jpg 8001348161462@1-1536x1536.jpg 8003495530436@5-1-1000x1000.jpg 4019300151530@1-1-1536x1536.jpg 8012431423060@1-1000x1000.jpg 4017100264610@5-1024x1024.jpg 8002004215079@5-1-1536x1536.jpg 8720181339929@5-1-1536x1536.jpg 8000139004261@5-1-1024x730.jpg 8410188012092@5-1-768x768.jpg 8000604901361@5-300x300.jpg 4017100272912@5.jpg 8003100888167@5-1-291x300.jpg 8002790048240@5-1-1000x1000.jpg 8000590113106@5-1536x1536.jpg 4060800120663@5-1536x1536.jpg 8001348161462@1-1000x1000.jpg 8004690611517@5-1-150x150.jpg 8032597608019@1-1-1536x1536.jpg 8000590113113@5-768x768.jpg 8004690612804@5-1-300x300.jpg 8015100578719@5-300x300.jpg 8718951775169@5-1024x1024.jpg 8001440124310@5-1-768x768.jpg 8003294870344@5-300x300.jpg 80073277@5-768x768.jpg 8003100801166@5-1024x1024.jpg 8710447320655@5-1024x1024.jpg 5449000237132@5-1000x1000.jpg 80938644@5-300x300.jpg 8000050500200@5-1-1536x1536.jpg 8000500310427@5-1-300x300.jpg 8000590113106@5-1024x1024.jpg 8720181339929@5-1-300x300.jpg 8000500310427@5-1-1000x1000.jpg 8001244108639@1-1.jpg 8023788011121@1-1-1024x712.jpg 8003294870344@5-1024x1024.jpg 8076809582186@5-1-768x768.jpg 8003100901026@1-1024x1024.jpg 8003100864451@1-1000x1000.jpg 8003100801166@5-300x300.jpg 8004690611906@5.jpg 8720182303097@5-150x150.jpg 8003650024176@5-1024x1024.jpg 8000500310427@5-1-150x150.jpg 80073154@5-1536x1536.jpg 80073154@5-150x150.jpg 5410358409472@5-1536x1536.jpg 8000212060313@5-1-1536x1536.jpg 8000212060474@5-1-1024x1024.jpg 8004690612804@5-1-150x150.jpg 80073154@5-1024x1024.jpg 8720182307835@5-1-1024x1024.jpg 8720182303097@5-300x300.jpg 8012431423060@1-300x300.jpg 8003100901026@1-300x300.jpg 8720181291692@5-1-300x300.jpg 8003100801166@5.jpg 8012698018108@1-1024x1024.jpg 8001244108639@1-1-1536x1536.jpg 8000500283189@5-1-1536x1536.jpg 8000050025079@5-768x768.jpg 5449000337672@5-1024x1024.jpg 8009350404317@5-1-1000x1000.jpg 8001348161455@1-1024x1024.jpg 8720181291692@5-1-150x150.jpg 8720181339929@5-1-1024x1024.jpg 8001440124310@5-1-1024x1024.jpg 8001681022277@5-1536x1536.jpg 8720181284274@5-1-1536x1536.jpg 8007660180822@5-1536x1536.jpg 8714800007191@5-1024x1024.jpg 8002732105192@5-1-768x768.jpg 8012431423060@1-768x768.jpg 8000050500200@5-1-150x150.jpg 8052789533288@5-1-768x768.jpg 8015100578955@5-1-768x768.jpg 8076809571517@5-1000x1000.jpg 8000604901361@5-1000x1000.jpg 8718951775176@5-1536x1536.jpg 8004460000084@5-2.jpg 8032098000435@1-150x150.jpg 8032597601157@1-1.jpg 80073277@5.jpg 8000500283189@5-1-300x300.jpg 8002004215079@5-1-768x768.jpg 8000590113113@5-1024x1024.jpg 8076809571517@5-768x768.jpg 8012698018108@1-150x150.jpg 8007660180822@5-768x768.jpg 8000212060313@5-1-300x300.jpg 8720181339929@5-1.jpg 8004690611517@5-1-1536x1536.jpg 8714800007191@5-300x300.jpg 8004690616604@5-1-300x300.jpg 8032597608019@1-1-1000x1000.jpg 8714800007191@5-1536x1536.jpg 8076809524308@5-1024x1024.jpg 8000350008376@5.jpg 8000500391228@5.jpg 8000212060313@5-1-1000x1000.jpg 8718951775169@5.jpg 8000500283158@5.jpg 8001348161462@1.jpg 8004690612002@5-1-1536x1536.jpg 5410358409472@5-300x300.jpg 8000500283189@5-1-1024x1024.jpg 8000604901361@5-1536x1536.jpg 8009350406007@5-1-1024x1024.jpg 8700216307567@5-300x300.jpg 8003100901026@1-1000x1000.jpg 8003100864451@1.jpg 8009350401699@5-1.jpg 80073154@5-1000x1000.jpg 8720182303097@5-1024x1024.jpg 8712100840715@5-1-150x150.jpg 8006890758467@1-1.jpg 8000050014585@5-1-1024x1024.jpg 8009350406007@5-1-150x150.jpg 8076809571517@5.jpg 8021230000433@1.jpg 8032597608019@1-1.jpg 5449000237118@5-1-300x300.jpg 8003100888167@5-1-994x1024.jpg 8004690612804@5-1.jpg 8054729871993@5-1000x1000.jpg 8000500283189@5-1-1000x1000.jpg 8000590113113@5-1000x1000.jpg 8015100578665@5-1536x1536.jpg 8002630102217@5-1.jpg 5449000255402@5-300x300.jpg 8015100578955@5-1-1536x1536.jpg 8029251204175@1.jpg 5449000255426@5-150x150.jpg 5410358443148@5-300x300.jpg 8001244108639@1-1-768x768.jpg 8000500283189@5-2-1024x1024.jpg 8003100888167@5-1.jpg 8003650024121@5-1000x1000.jpg 5449000237132@5-300x300.jpg 8720181291586@5-1.jpg 8700216307727@5-1536x1536.jpg 8001100070575@5.jpg 4019300151530@1-1-768x768.jpg 8720181201424@5-768x768.jpg 8012431423060@1.jpg 4017100264610@5.jpg 8000500283189@5-1-768x768.jpg 8000212060337@5-1-1536x1536.jpg 8001115000697@5-768x768.jpg 8000500310427@5-1-768x768.jpg 8009350401699@5-1-1024x1024.jpg 8000050025079@5.jpg 8012698018108@1.jpg 8003100006127@1-150x150.jpg 8000139007095@5-1-1000x1000.jpg 5449000255426@5-1024x1024.jpg 8000050500200@5-1-1000x1000.jpg 8007660189009@1-1-1000x1000.jpg 8034028337376@5-1-1024x1024.jpg 8000201000061@5-300x300.jpg 8032597602147@1-768x768.jpg 8002004215079@5-1-150x150.jpg 8002795001714@5-1.jpg 8004690611517@5-1-1024x1024.jpg 8032597602147@1-1024x1024.jpg 8712100840715@5-1-1536x1536.jpg 80073277@5-1000x1000.jpg 8720181339929@5-1-1000x1000.jpg 8002590074272@5-300x300.jpg 8000500391228@5-1158x1536.jpg 8003100801166@5-1536x1536.jpg 8720181201424@5-300x300.jpg 8003100801166@5-1000x1000.jpg 8000105000990@1-1536x922.jpg 8720181284274@5-1-150x150.jpg 8700216307765@5-150x150.jpg 8000212060474@5-1-150x150.jpg 8032098000435@1-300x300.jpg 8003650024121@5.jpg 8003100016218@5-1024x1024.jpg 8004690616604@5-1.jpg 8003100006127@1-300x300.jpg 8029251204175@1-768x768.jpg 8001348161462@1-150x150.jpg 8000139000034@5-1-300x300.jpg 8000212060474@5-1-1536x1536.jpg 8004690616604@5-1-150x150.jpg 8000139007057@5-1-150x150.jpg 8000500283158@5-1000x1000.jpg 8000500283158@5-1-150x150.jpg 8000500283158@5-1-1000x1000.jpg 5449000237132@5-1536x1536.jpg 8000139007057@5-1-1024x1024.jpg 8003495530436@5-1-1024x1024.jpg 8029251204175@1-300x300.jpg 8012698018108@1-1000x1000.jpg 8032597603380@1-1-300x300.jpg 8002590074272@5-1024x1024.jpg 5449000255402@5.jpg 8009350404317@5-1-1536x1536.jpg 8003650024121@5-1024x1024.jpg 8009350401699@5-1-300x300.jpg 8052789533288@5-1-1000x1000.jpg 8720181291586@5-1-300x300.jpg 8000604901361@5-768x768.jpg 8003650024176@5-300x300.jpg 8023788011121@1-1-1438x1000.jpg 8054729871993@5-1024x1024.jpg 8003100006127@1-1024x1024.jpg 8700216307604@5-1024x1024.jpg 8000050014585@5-1-1536x1536.jpg 8700216307659@5-150x150.jpg 8001280034107@5-1-1000x1000.jpg 8002732105192@5-1-150x150.jpg 8710447320655@5.jpg 8720181291692@5-1-1000x1000.jpg 8000139007057@5-1-768x768.jpg 8004690611517@5-1-1000x1000.jpg 8002590074272@5-150x150.jpg 8700216307796@5-150x150.jpg 8700216307727@5-768x768.jpg 8000604901361@5.jpg 8720181284274@5-1-300x300.jpg 8007660180822@5-1000x1000.jpg 8000139000034@5-1-1536x1536.jpg 5410358409472@5-768x768.jpg 8000500310427@5-1.jpg 8001280034107@5-1-768x768.jpg 8700216307727@5-150x150.jpg 8000050014585@5-1-1000x1000.jpg 8003495530436@5-1-150x150.jpg 8001440124310@5-1-1000x1000.jpg 8718951775169@5-1000x1000.jpg 5449000237118@5-1-1536x1536.jpg 8021230000433@1-1024x1024.jpg 8000500391228@5-226x300.jpg 8003495530436@5-1-300x300.jpg 8000590113229@5-1536x1536.jpg 8018426007079@5.jpg 80073222@5-1-1024x1024.jpg 8003294870344@5-1536x1536.jpg 8000139000034@5-1-150x150.jpg 80938644@5-1536x1536.jpg 8710447320655@5-768x768.jpg 8001681022277@5-300x300.jpg 5410358443148@5.jpg 5449000255426@5-768x768.jpg 008779606001@W609H883-1024x1024.jpg 80073277@5-1024x1024.jpg 8004460000084@5-2-1000x1000.jpg 8076809582186@5-1-1000x1000.jpg 8076809524308@5-150x150.jpg 8714800007191@5.jpg 8000050025079@5-3-768x768.jpg 8720182303097@5-1536x1536.jpg 8718951775176@5-768x768.jpg 8720181339929@5-1-768x768.jpg 5449000255426@5-300x300.jpg 8000139007095@5-1-1024x1024.jpg 8029251204175@1-1536x1536.jpg 8000212060474@5-1.jpg 80073222@5-1-1000x1000.jpg 8000212060313@5-1.jpg 8032597602147@1.jpg 8002333020979@5-1-1536x1536.jpg 8032597603380@1-1-1000x1000.jpg 8002790048240@5-1-1024x1024.jpg 8000201000061@5-1000x1000.jpg 8003294870344@5-1000x1000.jpg 8076809524308@5-768x768.jpg 8000201000061@5-768x768.jpg 8002590074272@5-768x768.jpg 8003100864451@1-1024x1024.jpg 8718951775169@5-768x768.jpg 8720182307835@5-1-1536x1536.jpg 8000139004261@5-1-1536x1094.jpg 8700216307765@5-768x768.jpg 8006890758467@1-1-150x150.jpg 8000212060337@5-1.jpg 8052789533288@5-1-150x150.jpg 8000350008376@5-1024x1024.jpg 8410188012092@5-1-300x300.jpg 8004690616604@5-1-1024x1024.jpg 7613287300638@5-1-300x300.jpg 5449000255402@5-768x768.jpg 8076809524308@5.jpg 8000201000061@5-150x150.jpg 8003100016218@5-300x300.jpg 8015100578719@5-1024x1024.jpg 8003100864451@1-768x768.jpg 8720182303097@5.jpg 4060800120663@5-1000x1000.jpg 8004690611906@5-768x768.jpg 8410188012092@5-1-1000x1000.jpg 7613287300638@5-1.jpg 8009350406007@5-1-300x300.jpg 8718951775176@5-150x150.jpg 80073222@5-1-768x768.jpg 8004690611517@5-1-768x768.jpg 8001100069715@5-300x300.jpg 80073277@5-1536x1536.jpg 8002795001714@5-1-768x768.jpg 8000590113106@5-150x150.jpg 80059318@1-273x1000.jpg 4026700507157@1-1536x1536.jpg 8000050500200@5-1-768x768.jpg 8700216307796@5-1536x1536.jpg 008779606001@W609H883-1536x1536.jpg 8718951775169@5-300x300.jpg 8002004215079@5-1.jpg 8004690612002@5-1-300x300.jpg 8000139004261@5-1-768x547.jpg 8410188012092@5-1.jpg 8007660189009@1-1-300x300.jpg 8023788011121@1-1-300x209.jpg 5449000237132@5.jpg 8000212060313@5-1-1024x1024.jpg 8700216307604@5-150x150.jpg 8000050025079@5-3-300x300.jpg 80073154@5.jpg 8410188012092@5-1-1024x1024.jpg 8000139000034@5-1-1024x1024.jpg 8001681022277@5-1000x1000.jpg 8015100578719@5-1536x1536.jpg 8718951775176@5-1024x1024.jpg 5449000237118@5-1-1024x1024.jpg 8032597603380@1-1-150x150.jpg 8700216307796@5-300x300.jpg 8076809571517@5-300x300.jpg 8000500310427@5-1-1536x1536.jpg 8032597603380@1-1-1024x1024.jpg 8009350401699@5-1-1536x1536.jpg 8004690611906@5-300x300.jpg 8700216307727@5-1024x1024.jpg 8700216307567@5-1000x1000.jpg 8012698018108@1-768x768.jpg 8007660180822@5-150x150.jpg 8000139004261@5-1.jpg 8076809571517@5-1024x1024.jpg 8004690611517@5-1.jpg 8001681022277@5-768x768.jpg 8000050025079@5-3-1000x1000.jpg 5449000237118@5-1.jpg 5449000237118@5-1-150x150.jpg 8015100578719@5-1000x1000.jpg 8000212060474@5-1-1000x1000.jpg 8000050500200@5-1-1024x1024.jpg 8032098000435@1.jpg 8700216307659@5-1024x1024.jpg 8032597608019@1-1-1024x1024.jpg 5449000237132@5-768x768.jpg 8001681022277@5-1024x1024.jpg Mega_19_2600000000352@MEG-00-preview.pdf 8000050014585@5-1-768x768.jpg 5449000255402@5-1536x1536.jpg 4060800120663@5-1024x1024.jpg 8700216307567@5-768x768.jpg 8003650024176@5-768x768.jpg 8009350406007@5-1-1000x1000.jpg 5449000255402@5-150x150.jpg 8018426007079@5-768x768.jpg 8002630102217@5-1-150x150.jpg 8000212060337@5-1-300x300.jpg 4019300151530@1-1-1000x1000.jpg 8015100578719@5-150x150.jpg 8032597602147@1-1536x1536.jpg 8052789533288@5-1-1024x1024.jpg 8000050017470@5-1-291x300.jpg 8004690612804@5-1-1536x1536.jpg 8000050025079@5-150x150.jpg 8004690612804@5-1-768x768.jpg 8700216307727@5-300x300.jpg 8001348161455@1-300x300.jpg 8015100578665@5.jpg 4026700507157@1-150x150.jpg 8076809571517@5-1536x1536.jpg 8004690611906@5-1024x1024.jpg 8004690611906@5-1000x1000.jpg 8002630102217@5-1-1536x1536.jpg 8032597608019@1-1-300x300.jpg 8006890758467@1-1-1000x1000.jpg 8015100578719@5.jpg 5449000237132@5-1024x1024.jpg 4019300151530@1-1-300x300.jpg 8003100888167@5-1-1491x1536.jpg 8076809582186@5-1-1536x1536.jpg 8001100069715@5-1024x1024.jpg 8000050025079@5-3-150x150.jpg 80938644@5-1000x1000.jpg 8000105000990@1-300x180.jpg 8000590113113@5.jpg 8001440124310@5-1-150x150.jpg 8000500283158@5-1-1536x1536.jpg 8700216307765@5.jpg 8015100578955@5-1-300x300.jpg 4060800120663@5-150x150.jpg 8032098000435@1-768x768.jpg 8001280034107@5-1-1024x1024.jpg 8003100016218@5-150x150.jpg 8004690611517@5-768x768.jpg 8002732105192@5-1-300x300.jpg 8001115000697@5.jpg 5449000237118@5-1-1000x1000.jpg 8002790048240@5-1.jpg 8000212060337@5-1-1024x1024.jpg 4017100272912@5-300x300.jpg 8032597603380@1-1.jpg 8003100016218@5-768x768.jpg 8076809524308@5-1536x1536.jpg 8009350401699@5-1-1000x1000.jpg 8000590113229@5-768x768.jpg 008779606001@W609H883.jpg 4019300151530@1-1.jpg 8002590074272@5-1536x1536.jpg 8000590113229@5-1000x1000.jpg 8720182307835@5-1.jpg 8700216307604@5-300x300.jpg 8001115000697@5-1024x1024.jpg 8700216307659@5-1536x1536.jpg 8001440124310@5-1.jpg 8700216307567@5-1024x1024.jpg 80073222@5-1-150x150.jpg 8000139000034@5-1-768x768.jpg 8015100578665@5-1000x1000.jpg 8004460000084@5-2-300x300.jpg 8000212060313@5-1-150x150.jpg 5449000255426@5-1536x1536.jpg 8000500283158@5-1-300x300.jpg 8000139007057@5-1-300x300.jpg 8720182303097@5-768x768.jpg 8032098000435@1-1000x1000.jpg 8021230000433@1-1000x1000.jpg 8029251204175@1-1000x1000.jpg 8700216307727@5-1000x1000.jpg 8004690612002@5-1.jpg 8720182307842@5-1-768x768.jpg 8029251204175@1-150x150.jpg 8712100840715@5-1-300x300.jpg 8002630102217@5-1-768x768.jpg 8002790048240@5-1-1536x1536.jpg 8718951775176@5-300x300.jpg 8000050500200@5-1.jpg 8002795001714@5-1-1000x1000.jpg 8700216307796@5-1024x1024.jpg 8003294870344@5-150x150.jpg 8018426007079@5-300x300.jpg 8000139007095@5-1-150x150.jpg 8032597601157@1-1-1000x1000.jpg 8003100901026@1-150x150.jpg 8003100901026@1-768x768.jpg 80073154@5-300x300.jpg 8720181291586@5-1-1000x1000.jpg 5449000255402@5-1024x1024.jpg 8718951775169@5-1536x1536.jpg 80073246@5-1-150x150.jpg 8000139007057@5-1-1000x1000.jpg 8003100888167@5-1-971x1000.jpg 8015100578665@5-300x300.jpg 4026700507157@1-300x300.jpg 4026700507157@1-1024x1024.jpg 8006890758467@1-1-1024x1024.jpg 8015100578955@5-1-1000x1000.jpg 8009350401699@5-1-768x768.jpg 8002732105192@5-1-1024x1024.jpg 5449000337672@5-1536x1536.jpg 8720182307835@5-1-300x300.jpg 8000105000990@1-768x461.jpg 8021230000433@1-300x300.jpg 8003100024213@1-1024x1024.jpg\TV\
Macelleria Crosato Snc di Crosato Sergio e Tullio\Via Postumia Ovest, 176, 31048 Olmi TV\\0422 899059\\TV\
IperLando\Str. Feltrina, 196, 31100 Treviso TV\http://www.iperlando.it/\0422 22029\\TV\
Cadoro Supermercati - Treviso\Via Cal di Breda, 2, 31100 Treviso TV\https://www.cadoro.it/punti-vendita/cal-di-breda\0422 308153\\TV\
Sartorato Ferdinando & C.\Via Roma, 24, 31030 Dosson TV\\0422 382953\\TV\
Societ Agricola Ca' Montello\Via Ivo Lollini, 37, 31044 Montebelluna TV\\389 685 8608\\TV\
Centro Carni Brugnera Snc - macelleria salumeria bovina, suina, equina\Via Roma, 489, 31043 Lutrano TV\http://www.ccbrugnera.it/\0422 757321\\TV\
Mercato Treviso\Borgo Giuseppe Mazzini, 53, 31100 Treviso TV\\\\TV\
Pam Treviso\Via Angelo Zorzetto, 12, 31100 Treviso TV\https://www.pampanorama.it/negozi/treviso\0422 583913\\TV\
Ceylon Market Treviso\Via Sant'Antonino, 78, 31100 Treviso TV\\\\TV\
Enoteca Piovesan Sciur Vinell Treviso\Via di Sant'Angelo, 35, 31100 Treviso TV\https://www.vinipiovesan.com/contatti/\347 416 0287\\TV\
CONAD CITY\Via Risorgimento, 1, 31100 Treviso TV\https://www.conad.it/ricerca-negozi/conad-city-via-risorgimento-1-31100-treviso--009037\0422 541882\\TV\
M&G Morandin&Graziotto\Via Postumia, 8, 31050 Ponzano TV\http://www.morandingraziotto.it/\375 847 3284\mgmorandingraziotto@pec.it info@morandingraziotto.it test@test.com\TV\
F.lli Bellio Snc Di Bellio Luigino e Roberto\Via Casette, 3, 31100 Treviso TV\https://www.facebook.com/FlliBelliosnc/\0422 231874\\TV\
Dpi Supermercato Treviso\Via di S. Pelaio, 126, 31100 Treviso TV\https://www.d-piu.com/\0422 158 0400\\TV\
SPAZIO CONAD\Via Postumia Ovest, 76, 31048 San Biagio di Callalta TV\https://www.conad.it/ricerca-negozi/spazio-conad-via-postumia-ovest-76-31048-san-biagio-di-callalta--008747\0422 794911\\TV\
Maxi\Strada di Santa Bona Nuova, 138B, 31100 Treviso TV\https://www.despar.it/it/punto-vendita-eurospar/535/chirignago/\0422 235027\\TV\
Le Rughe\Viale Brigata Marche, 10, 31100 Treviso TV\\389 898 9526\\TV\
CONAD\Via Ghirada, 2a, 31100 Treviso TV\https://www.conad.it/ricerca-negozi/conad-via-ghirada-2-a-31100-treviso--009035\0422 403438\\TV\
Crai Monastier\Via Antonio Calvani, 7, 31050 Monastier di Treviso TV\https://www.crai-supermercati.it/\0422 791529\\TV\
Supermercato Despar Cavalli\Borgo Cavalli, 28a, 31100 Treviso TV\https://www.despar.it/it/punto-vendita-despar/53/treviso/?&utm_source=google&utm_medium=organic&utm_campaign=local-sitoweb-supermercato-despar-cavalli\0422 412864\\TV\
Despar\Via Montello, 44, 31100 Treviso TV\https://www.despar.it/it/punto-vendita-despar/392/treviso/\0422 318029\\TV\
SERRE S.r.l.\Via Giuseppe Verdi, 78, 31010 Farra di Soligo TV\http://www.proseccoserre.com/\0438 893502\serre.srl@legalmail.it info@proseccoserre.com\TV\
Bobbato Bakery & Bistrot\Via Don G. Girotto, 1, 31055 Quinto di Treviso TV\\0422 379026\\TV\
Trattoria la Bassa\Viale Brigata Marche, 34, 31100 Treviso TV\\0422 697040\\TV\
Supermercato Mega Treviso SantAntonino\Via Sant'Antonino, 352B, 31100 Treviso TV\https://promo.unicomm.it/mega/punti-vendita/mega-di-treviso-via-s-antonino\0422 670679\\TV\
Vecia Hostaria dai Naneti\Vicolo Broli, 2, 31100 Treviso TV\https://m.facebook.com/VeciaHostariaDaiNaneti/?locale2=it_IT\340 378 3158\\TV\
