Carni Guglielmin Snc - Fraz.San Vito\Via Castellana, 22, 31030 Altivole TV\http://www.carniguglielmin.it/\0423 564147\\TV\
Salumificio Stecca Srl\Via del Cristo, 11C, 31044 Montebelluna TV\http://www.salumificiostecca.it/\0423 86270\salumificiosteccasrl@gmail.com\TV\
Salumificio Piovesan S.r.l.\Via Cal Lusent, 55, 31040 Pederobba TV\http://www.salumificiopiovesan.com/\0423 688718\info@salumificiopiovesan.com\TV\
La Macelleria Di Paolo Barichello\Via Roma, 5, 31030 Altivole TV\\349 212 9803\\TV\
Salumificio Artigianale Celotto\Via Misquile, 13, 31030 Borso del Grappa TV\http://www.salumeriaonline.it/\0423 561703\\TV\
Salumificio Azienda Agricola Torresan s.s.\Via Ivo Lollini, 16, 31035 Crocetta del Montello TV\https://www.salumitorresan.it/\0423 84845\amministrazione@salumitorresan.it bootstrap-icons@1.11.3 info@salumitorresan.it\TV\
altivole\Via Roma, 5, 31030 Altivole TV\\\\TV\
Salumificio e ingrosso carni Toresan\Via Talponera, 66a, 31050 Ponzano Veneto TV\http://www.toresan.it/\0422 523296\info@toresan.it\TV\
Agricola Rosato\Via Asolana, 60, 31030 San Vito TV\\333 235 1927\\TV\
Bolzon Giuseppe\Via Laguna, 28, 31030 Altivole TV\\0423 569370\\TV\
Azienda agricola Cervellin Tiziano\Via Fontane, 6, 31011 Asolo TV\https://www.facebook.com/Azienda-agricola-Cervellin-Tiziano-216667785814380/\347 949 4072\\TV\
SPAK supermercato - Altivole\Via Kennedy, 1d, 31030 Caselle TV\http://www.spaksupermercati.it/\0423 915536\info@spaksupermercati.it\TV\
Salumificio Da Pian\Via Internati 1943 - 1945, 12, 31057 Silea TV\https://dapian.it/\0422 362477\info@dapian.it\TV\
Il Maggese\Via Piave, 211, 31030 Altivole TV\\0423 078040\\TV\
Salumificio Roncadese\Via F. Manera, 21, 31056 Roncade TV\http://www.salumificioroncadese.it/\0422 840725\\TV\
Becher S.p.a\Via Postumia, 36, 31050 Ponzano Veneto TV\https://www.becher.it/\0422 9613\por-regione-veneto-150x100@2x.jpg info@becher.it\TV\
Salumi De Stefani Srl\Str. di Guia, 31, 31049 Valdobbiadene TV\https://www.salumidestefani.it/\0423 901065\\TV\
Ai Galli\Via S. Michele, 6, 31030 Caselle TV\http://www.ristoranteaigalli.it/\0423 566037\info@ristoranteaigalli.it\TV\
Salumificio San Giacomo S.n.c. di Canton Liviano e Canton Pierangelo\Via Cal de Livera, 72, 31029 Vittorio Veneto TV\http://www.salumificiosangiacomo.com/\0438 501083\info@salumificiosangiacomo.com\TV\
Macelleria Guglielmini  Carni D'Elite\Via Pio X, 12, 36065 Mussolente VI\https://carnidelite.it/\0424 577189\support@boostertheme.com info@carnidelite.it. info@carnidelite.it\VI\
Brunello Salumi\Via Capitelvecchio, 92, 36061 Bassano del Grappa VI\https://www.brunellosalumi.com/\0424 566699\info@brunellosalumi.it\VI\
Salumi Marcon\Via Traversa, 19, 31010 Borgo Marcon TV\https://www.salumimarcon.it/\340 223 1152\\TV\
Azienda agrituristica Olivetto F.lli\Via Postumia, 41, 35018 San Martino di Lupari PD\\049 946 0859\\PD\
Salumificio Micad - Produzione\Via degli Alpini, 10, 36056 Belvedere VI\http://www.salumificiomicad.it/\0424 561138\\VI\
Bechr House\Via Roma, 1, 31050 Ponzano TV\http://www.becherhouse.it/\0422 967872\info@becherhouse.it\TV\
Salumificio Lanzarini\Strada S. Rocco, 47, 36061 Bassano del Grappa VI\http://lanzarini.it/\0424 566478\\VI\
Macelleria e Gastronomia Brotto Egidio Fellette\Via Astico, 10, 36030 Romano d'Ezzelino VI\http://brottoegidio.com/\0424 32165\\VI\
La Salumeria di Eustacchio\Via Maffeo Pantaleoni, 1, 31030 Dosson TV\http://www.salumeria-eustacchio.it/\0422 491659\salumeria-eustacchio@tecnopec.it info@salumeria-eustacchio.it\TV\
La Bottega delle Carni Srl - Sapore di Valdorcia - San Quirico d'Orcia\Via Giuseppe Garibaldi, 4, 53027 San Quirico d'Orcia SI\https://www.saporedivaldorcia.com/\0577 898262\info@saporedivaldorcia.com\SI\
Macelleria - Salumificio I Lupatelli\Via Leonardo da Vinci, 16C, 06121 Perugia PG\http://www.lupatelli.com/\075 30981\\PG\
Gam - Prosciuttificio Salumificio\Via Alighieri, 14, 01027 Montefiascone VT\https://www.salumificiogam.it/\0761 826344\socgam@libero.it\VT\
David Salumi S.R.L.\Via IV Novembre, 47, Viale IV Novembre, 147, 05010 San Venanzo TR\http://www.davidisalumi.it/\075 875161\\TR\
Macelleria Belli s.r.l.\Passeggio Giuseppe Garibaldi, 55, 53049 Torrita di Siena SI\http://www.macelleriabelli.it/\0577 685095\\SI\
Macelleria Giulietti. Salumi & Prodotti tipici\Corso CAVOUR, 13, 06012 Citt di Castello PG\https://giulietti.it/\075 855 4371\\PG\
Montalcino Salumi  Salumificio Toscano\Loc. Brugnello, 58042 Campagnatico GR\https://www.montalcinosalumi.it/\0564 996922\\GR\
Macelleria Ricci S.N.C.\Strada Provinciale Traversa dei Monti 4, 53020 Trequanda SI\http://www.macelleriaricci.it/\0577 662252\\SI\
Salumificio Artigianale Toscano Pasquinucci Srl\Via Rosa Luxemburg, 15, 50051 Pesciola FI\http://www.salumificiopasquinuccisrl.it/\0571 61234\info@salumificiopasquinuccisrl.it info@salumificiopasquinuccisrl.itt\FI\
L'Antica Macelleria\Via Romana, 4850, 52100 Arezzo AR\http://www.lanticamacelleria.it/\0575 903555\info@lanticamacelleria.it\AR\
Perugia 2 Carni S.N.C.\Via Tomaso Albinoni, 50, 06132 Perugia PG\\075 528 8697\\PG\
Salumificio Sandri - salumi tipici toscani\Localit Mezzavia, Strada Provinciale dei Tre Comuni, 56040 Montescudaio PI\http://www.salumificiosandri.it/\0586 650242\\PI\
Salumificio Vannuccini\Viale Giuseppe Giusti, 63, 58100 Grosseto GR\\0564 494874\\GR\
Antica Macelleria CECCHINI\Via XX Luglio, 11, 50022 Panzano In Chianti FI\http://www.dariocecchini.com/\055 852020\dariocecchinisrl@cgn.legalmail.it info@dariocecchini.com\FI\
Macelleria Francini\Via Antonio Gramsci, 10, 50028 Sambuca FI\https://ciccia.co/contatti/\338 304 6665\u003Einfo@ciccia.co Prenota@3x-980x248.png Logo-Ciccia@3x.png Prenota@3x-1280x324.png Spesa@3x-1280x171.png wght@100..900 Prenota@3x-480x121.png Spedizione-gratuita@3x-scaled.png Prenota@3x-150x150.png info@ciccia.co Spesa@3x-480x64.png Spedizione-gratuita@3x-980x216.png Prenota@3x.png wght@200..800 Logo-Ciccia@3x-480x163.png Spedizione-gratuita@3x-1280x282.png Spedizione-gratuita@3x-480x106.png Spesa@3x.png Spesa@3x-980x131.png Logo-Ciccia@3x-980x333.png\FI\
Antica Macelleria Falorni\Piazza Giacomo Matteotti, 71, 50022 Greve in Chianti FI\http://www.falorni.it/\055 853029\\FI\
La Vecchia Bottega BITE E DRINK\Via Dogali, 6, 53026 Pienza SI\\0578 749519\\SI\
Pam Chiusi\Via dell'Orchidea, 53043 Querce al Pino SI\https://www.pampanorama.it/negozi/chiusi\0578 274611\\SI\
Argillae Srl\Vocabolo Pomarro, 45, 05011 Allerona TR\http://www.argillae.eu/\\\TR\
Geminiani Sauro & Figli Srl\Via Serra, 36A, 61022 Vallefoglia PU\http://www.salumificiogeminiani.it/\0721 490593\\PU\
Castelli Martinozzi - Villa Santa Restituta\Villa Santa Restituta, 104, 53024 Montalcino SI\https://castellimartinozzi.com/\0577 846235\\SI\
Pam Arezzo Campomarzio\Via Cal, Via Antonio Curina, 12, 52100 Arezzo AR\https://www.pampanorama.it/negozi/arezzo-campo-marzio\0575 354455\\AR\
Arcade and Food\Via Nomentana, 1111, 00137 Roma RM\http://www.arcadeandfood.it/\334 323 2023\\RM\
Macelleria Beniamino Snc\Via Trieste, 1A, 31030 Arcade TV\https://www.macelleriabeniamino.it/\0422 874494\\TV\
Pane&Vino\Via Case Nuove, Snc, 53021 Abbadia San Salvatore SI\\320 792 3707\\SI\
Pollo S. Marco\Via de' Frati, 12, 52100 Arezzo AR\https://www.pollosanmarco.it/\0575 901601\\AR\
QUADRO CARNI E SALUMI S.R.L.\Strada Gherba, 2, 14012 Ferrere AT\http://www.quadrocarniesalumi.com/\0141 934124\\AT\
Salumificio A.G.E.R.\Via Leonardo Fea, 32, 10148 Torino TO\http://www.salumificioager.it/\011 220 1181\info@salumificioager.it salumificioager@pec.it\TO\
Bella Asolo S.R.L.\Via Giulio Pastore, 15, 31044 Montebelluna TV\https://www.salumificiobellaasolo.it/\0423 930101\info@salumificiobellaasolo.it\TV\
Macelleria di Piccolotto Luciano\Via Giorgione, 19, 31011 Asolo TV\http://www.piccolotto.it/\0423 952834\\TV\
Asolo Food S.N.C. Di Gallina Michele & C.\Via Enrico Fermi, 53, 31011 Asolo TV\http://www.asolofood.com/\0423 950211\\TV\
Azienda agricola Berton\Via Lauro, 39B, 31011 Lauro TV\\0423 564247\\TV\
Scomazzon Mariano\151, Via Robert Browning, Asolo, TV 31011, Asolo TV\\0423 529109\\TV\
Porchetta a Manetta\Via Dante, 24, 31011 Asolo TV\https://www.facebook.com/asoloprodottitipici\333 506 9231\\TV\
Asolo Dolce Spa\Via Enrico Fermi, 51, 31011 Asolo TV\http://www.asolodolce.it/\0423 5221\info@asolodolce.it biffi@ptconsulting.com\TV\
Sinfonia di Sapori\Via Enrico Fermi, 14, 31011 Asolo TV\https://www.sinfoniadisapori.it/\328 886 2202\\TV\
CONAD\Via Schiavonesca Marosticana, 11A, 31011 Asolo TV\https://www.conad.it/ricerca-negozi/conad-via-schiavonesca-marosticana-11-a-31011-asolo--001937\0423 524118\\TV\
Dpi Supermercato Asolo\Via Castellana, 31011 Asolo TV\https://www.d-piu.com/\0423 372413\\TV\
Panificio Negro dal 1956\Viale Tiziano, 23, 31011 Asolo TV\\0423 952188\\TV\
iN's Mercato S.p.a\Via Giorgione, 6, 31030 Asolo TV\http://www.insmercato.it/\375 560 2519\leaflet@1.9.4\TV\
Salumificio Grandin di Grandin Aldo\Via Antiche Mura, 41, 30016 Jesolo VE\https://www.salumificiograndin.it/\0421 350922\info@salumificiograndin.it\VE\
Da Ennio\Via Browning, 151, 31011 Asolo TV\\0423 529109\\TV\
Rocca di Asolo\Via Rocca, 31011 Asolo TV\https://www.asolo.it/cosa-vedere-asolo-rocca/\0423 952313\\TV\
Zardo Livio\Via Jacopo Da Ponte, 14, 31011 Asolo TV\\0423 952839\\TV\
Cooperativa Campocroce\Via Madonna Dell Aiuto, 2, 31030 Borso del Grappa TV\https://cooperativacampocroce.it/\340 111 5832\\TV\
Formaggeria Real Milk\Via Appocastello, 31030 Borso del Grappa TV\https://m.facebook.com/profile.php?id=109299880539173&ref=content_filter\349 006 1262\\TV\
Macelleria Aurora\Vicinale Marche, 32, 31030 Breda di Piave TV\\327 049 6414\\TV\
Scandiuzzi Azienda Agricola - Punto Vendita\Via Code, 25, 31030 Breda di Piave TV\https://www.agricolascandiuzzi.it/\347 894 2052\c183baa23371454f99f417f6616b724d@sentry.wixpress.com 8c4075d5481d476e945486754f783364@sentry.io 8eb368c655b84e029ed79ad7a5c1718e@sentry.wixpress.com focus-within-polyfill@5.0.9 intl-segmenter@11.7.10 core-js-bundle@3.2.1 ed436f5053144538958ad06a5005e99a@sentry.wixpress.com 2062d0a4929b45348643784b5cb39c36@sentry.wixpress.com lodash@4.17.23 react-dom@18.3.1 scandiuzzitiziano@gmail.com rspack@1.6.8 dd0a55ccb8124b9c9d938e3acf41f8aa@sentry.wixpress.com 271e9fa3230b4eec94b02bf95780f5f2@sentry.wixpress.com react@18.3.1 605a7baede844d278b89dc95ae0a9123@sentry-next.wixpress.com 1eeb89147c984dc6bc3ffafd9e6cd089@sentry.wixpress.com 460ff4620fa44cba8df530afde949785@sentry.wixpress.com 79baaa8e09c746d2b7401643b99792e0@sentry.wixpress.com 9a65e97ebe8141fca0c4fd686f70996b@sentry.wixpress.com\TV\
Vacilfrutta\Via Cal di Breda, 31, 31030 Vacil TV\http://www.vacilfrutta.it/?jjj=1452528294890\0422 600030\\TV\
Macelleria Breda\Via F. Petrarca, 1, 31029 Vittorio Veneto TV\http://www.macelleriabreda.it/\0438 689583\\TV\
Trevisi Lorenzo\Via A. dal Vesco, 11, 31030 Breda di Piave TV\\342 311 8002\\TV\
Az.Agr. Bianchin Marco\Via del Borgo, 108, 31052 Maserada sul Piave TV\\339 308 3012\\TV\
Pizzeria Snack Bar Fantasy\Via S. Pio X, 74, 31030 Breda di Piave TV\\0422 904767\\TV\
Societ Agricola Fenato s.s.\Via Pra de Roda, 27, 31031 Caerano di San Marco TV\https://passeggiatetreviso.it/societa-agricola-fenato\346 241 0850\info@passeggiatetreviso.it\TV\
C Dispensa\Via Vittime del Vajont, 6a, 31031 Caerano di San Marco TV\http://www.cadispensa.com/\0423 665372\info@cadispensa.com ajax-loader@2x.gif\TV\
Macelleria Furlanetto snc\Via Piave, 24C, 31031 Caerano di San Marco TV\\349 780 5136\\TV\
CRAI - Ae Madonnette\Via Montello, 79, 31031 Caerano di San Marco TV\https://www.crai-supermercati.it/negozi-e-volantini/\0423 650073\\TV\
Macelleria ANNOR\di San, Via Kennedy, 54, 31031 Caerano di San Marco TV\\\\TV\
Formaggeria & Salumeria Costa\Piazza Donatori del Sangue, 31031 Caerano di San Marco TV\\\\TV\
Frescolat Srl\Via dell'Artigianato, 31031 Caerano di San Marco TV\http://www.frescolat.it/\0423 564602\bootstrap-icons@1.11.3 masonry-layout@4.2.2 info@frescolat.it wght@400..700 wght@100..800 photoswipe@5.4.4\TV\
Supermercato Eurospar Caerano San Marco\Via Padova, 2, 31031 Caerano di San Marco TV\https://www.despar.it/it/punto-vendita-eurospar/802/caerano-san-marco/?&utm_source=google&utm_medium=organic&utm_campaign=local-sitoweb-supermercato-eurospar-caerano-san-marco\0423 859881\\TV\
CRAI - Da Volpe\Via S. Marco, 201, 31031 Caerano di San Marco TV\https://www.crai-supermercati.it/punto-vendita/204-crai-da-volpe-caerano/\0423 650182\\TV\
Le Carni\Via Piave, 24, 31031 Caerano di San Marco TV\\\\TV\
Menegon Fratelli Panificio-pasticceria Sdf\Via Monte Grappa, 82, 31031 Caerano di San Marco TV\\0423 85342\\TV\
Bar Amico di Giacomo Garbuio\Via Kennedy, 26, 31031 Caerano di San Marco TV\\351 532 6703\\TV\
Alimentari Delia Faccin Snc\Via Settembre 1944, 52, 31031 Caerano di San Marco TV\\0423 650091\\TV\
Tieppo Sergio\Via S. Marco, 201, 31031 Caerano di San Marco TV\\0423 650182\\TV\
Bele Casel - Asolo Prosecco DOCG\Via Moresca, 136C, 31031 Caerano di San Marco TV\http://www.belecasel.com/\0423 859795\20info@belecasel.it info@belecasel.it\TV\
Macelleria Azienda Agricola Torresan\P.za Luigi Negrelli, 23, 31044 Montebelluna TV\https://www.salumitorresan.it/\0423 370464\amministrazione@salumitorresan.it bootstrap-icons@1.11.3 info@salumitorresan.it\TV\
Agricola Bergamin\Via Schiavonesca, 14, 31044 Montebelluna TV\http://www.agricolabergamin.it/\0423 177 1185\dellatorre@ptconsulting.com\TV\
Carnydea\Piazza D. Orazio Mondin, 1012, 31040 Cornuda TV\https://carnydeagroup.wixsite.com/website\0423 83428\focus-within-polyfill@5.0.9 rspack@1.6.8 0e6a29e4756740a8a63493e912ba2174@sentry.wixpress.com baf30a2b91654c5a840931f0137bed30@sentry.wixpress.com 88170cb0c9d64f94b5821ca7fd2d55a4@sentry-next.wixpress.com lodash@4.17.23 intl-segmenter@11.7.10 core-js-bundle@3.2.1 271e9fa3230b4eec94b02bf95780f5f2@sentry.wixpress.com react@18.3.1 605a7baede844d278b89dc95ae0a9123@sentry-next.wixpress.com 8c4075d5481d476e945486754f783364@sentry.io carnydeagroup@gmail.com ed436f5053144538958ad06a5005e99a@sentry.wixpress.com 2062d0a4929b45348643784b5cb39c36@sentry.wixpress.com 460ff4620fa44cba8df530afde949785@sentry.wixpress.com react-dom@18.3.1 9a65e97ebe8141fca0c4fd686f70996b@sentry.wixpress.com\TV\
SALUMIFICIO SPADER\Via Europa Unita, 13, 31010 Mosnigo TV\\0438 189 5591\\TV\
Col delle Rane\Via Mercato Vecchio, 18, 31031 Caerano di San Marco TV\http://www.coldellerane.it/\0423 650085\info@coldellerane.it\TV\
GS MERCATONE\Via Lepanto, 22, 31031 Caerano di San Marco TV\\342 851 7626\\TV\
MozzaRisella\Via Paolo Vigan, 22, 31031 Caerano di San Marco TV\http://mozzarisella.com/\0423 564602\\TV\
Mangimi San Marco Srl\Via Piave, 97, 31031 Caerano di San Marco TV\\0423 650025\\TV\
Macelleria Equina Signor\P.za Monnet Jean, 12, 31044 Montebelluna TV\https://www.facebook.com/Macelleria-Equina-Signor-228223974203520/\0423 601768\\TV\
Salumeria Macelleria Steakhouse di Reziere Domenico\Via Nubie, 3B, 31053 Pieve di Soligo TV\\0438 82352\\TV\
Cooperativa Agricola Volpago s.c.a.\Via Schiavonesca Nuova, 75, 31040 Volpago del Montello TV\http://www.coopvolpago.it/\0423 620529\info@coopvolpago.it\TV\
Fattoria Moma\Via Bol, 66, 31040 Giavera del Montello TV\https://www.momafattoria.com/\340 490 9763\\TV\
Da Dalt Renzo\Via Roma, 26, 31012 Cappella Maggiore TV\\340 364 0603\\TV\
Salvador Formaggi di Qualit\Via Campagnole, 6, 31012 Cappella Maggiore TV\http://www.salvadorformaggi.it/\340 920 9508\\TV\
SuperVisotto Cappella Maggiore\Via Livel, 99, 31012 Cappella Maggiore TV\http://www.supermercativisotto.it/\0438 930023\bootstrap@5.2.0 bootstrap-icons@1.3.0\TV\
Della Libera Massimo\Via Pontavai, 195, 31029 Vittorio Veneto TV\\347 324 0207\\TV\
Garbelotto Formaggi S.r.l.\Via Sant'Antonio da Padova, 69, 31029 Vittorio Veneto TV\http://www.garbelottoformaggi.it/\0438 500449\info@garbelottoformaggi.it\TV\
Cappella maggiore Treviso\Via Mescolino, 19, 31012 Cappella Maggiore TV\\335 671 0034\\TV\
Macelleria Gastronomia da Davide\Via Roma, 4, 31030 Carbonera TV\\324 773 0933\\TV\
IN DISPENSA - specialit alimentari\Via degli Alpini, 8, 31030 Carbonera TV\http://www.indispensacarbonera.it/\0422 397908\\TV\
Macelleria Stecca Gastronomia\Borgo Camillo Benso Conte di Cavour, 4, 31100 Treviso TV\http://www.macelleriastecca.it/\0422 541764\macelleriastecca@gmail.com\TV\
Sartorato Ferdinando & C. S.N.C.\Str. Terraglio, 88, 31100 Treviso TV\\0422 402634\\TV\
Salumeria Miatto dal 1940\Via Ungheresca, 1C, 31025 Santa Lucia di Piave TV\\0438 701783\\TV\
Panificio Sozza\Via Brigata Marche, 3, 31030 Carbonera TV\\0422 445247\\TV\
Bastianon Renzo\Via Callalta, 33, 31057 Silea TV\\0422 361252\\TV\
MACELLERIA MARTINI MARIO POSTIOMA\Via G. Toniolo, 21, 31038 Postioma TV\\0422 99016\\TV\
Macelleria Salumeria Fratelli Mazzaro\Via Zermanesa, 48A, 31021 Mogliano Veneto TV\https://www.macelleriamazzaro.it/\041 590 2282\macelleriamazzaro@gmail.com\TV\
Salumificio A. Lovison Srl\Via Ugo Foscolo, 18, 33097 Spilimbergo PN\http://www.salumilovison.it/\0427 2068\cantina_salami_600x600@2x.jpg 4F4AE151-4658-46FF-BC06-E766C829FC48_160x160@2x.jpeg V3-chefversioneonline_SCATOLAMUSETTOPRECOTTO_480x480@2x.jpg LOGO-non_contiene_glutine_s_lovison_glutenfree_160x160@2x.png doc11019820250701145558_001_1_530x_crop_top@2x.jpg HOME_PAGE_16_10_2020-07_600x600@2x.png Lovisonsalumi_SALSICCIAINTERA_600x600@2x.png bozzaweb_15_10_2020-05_1090x_crop_top@2x.png SOPRESSA_LOVISON_IN_MANO-calda_1090x_crop_top@2x.png lovison_legatura_salsiccia_600x600@2x.jpg kiwa_MARCHIO_2_160x160@2x.jpg Lovisonsalumi_MUSETTONORMALEINTERO_1_8b3a92e3-081d-41f1-aa41-d288c4100f60_600x600@2x.png logo_definitivo_9_13-01_155x@2x.png SALAME_per_web-10_480x480@2x.png IMG_2764m-quadrato_600x600@2x.png SALAME_PUNTA_per_web-07_480x480@2x.png doc11019820250701145558_001_530x_crop_top@2x.jpg Lovison_salumi_MUSETTO_PRECOTTO_480x480@2x.png\PN\
Latte e formaggi, salumi e piaceri alimentari\Via Sant'Antonino, 110, 31100 Treviso TV\https://www.lattee.it/\0422 320716\\TV\
Macelleria Carbonera Carni\Via Friuli, 145, 33080 Villanova PN\\0434 621498\\PN\
Ca' Donadel\Via del Molino, 25, 31021 Campocroce TV\http://www.cadonadel.it/\331 866 3646\didattica@cadonadel.it elbarco@cadonadel.it spaccio@cadonadel.it\TV\
Macelleria Salumeria Centro Carni Berlese (S.A.S.)\Via dei Cappellari, 14, 31018 Gaiarine TV\\0434 758890\\TV\
Latteria Formaggi e Salumi Birello Paride\Viale S. Marco, 68, 30020 Marcon VE\\041 456 8590\\VE\
Salumificio F.Lli Scapocchin S.R.L.\Via Giorgio la Pira, 14, 35012 Camposampiero PD\\049 641642\\PD\
Salumeria Sassilat\Via Alessandro Manzoni, 81, 30025 Fossalta di Portogruaro VE\http://www.salumeriasassilat.com/\0421 709133\\VE\
Societ Agricola LA SALUMERIA GUZZO S.S.\Via Ca' Rubaldi, 13B, 30034 Mira VE\http://www.lasalumeriaguzzo.it/\041 429813\info@lasalumeriaguzzo.it\VE\
Salumificio Dei Castelli S.R.L.\Str. del Capitello, 13, 36075 Montecchio Maggiore VI\https://salumificiodeicastelli.it/\0444 492627\\VI\
Salumificio F.lli Celin Srl\Via Barbariga, 118, 30032 Fiesso VE\http://www.salumificiocelin.com/\049 502056\commerciale@salumificiocelin.it\VE\
Salumificio Verza - Verza Salumi\Via delle Calcare, 1, 36010 Cogollo del Cengio VI\https://salumificioverza.it/chi-siamo/\0445 320512\\VI\
Salumificio F.lli Carretta\Via Monte Pasubio, 77, 36013 Piovene Rocchette VI\\0445 651984\\VI\
Supermercato Eurospar Carbonera\Via Grande di Mignagola, 104, 31030 Carbonera TV\https://www.despar.it/it/punto-vendita-eurospar/840/mignagola-di-carbonera/?&utm_source=google&utm_medium=organic&utm_campaign=local-sitoweb-supermercato-eurospar-carbonera\0422 397548\\TV\
Centro Carni Brugnera Snc - macelleria salumeria bovina, suina, equina\Via Roma, 489, 31043 Lutrano TV\http://www.ccbrugnera.it/\0422 757321\\TV\
Caseificio Artigiano Zanchetta\Via Trento e Trieste, 17, 31032 Casale Sul Sile TV\http://www.prontolatte.it/\0422 822565\\TV\
Schiavon Carni\Via Nuova Trevigiana Casale, 21, 31032 Casale sul Sile TV\\0422 788032\\TV\
Silcarni Snc\Via Nuova Trevigiana Casale, 21, 31032 Casale Sul Sile TV\\0422 788032\\TV\
Alper supermercati - Casale sul Sile\Via S. Michele, 47 H, 31032 Casale sul Sile TV\https://www.alisupermercati.it/negozi-e-volantini/negozi/aliper-casale-sul-sile?utm_source=google&utm_medium=schede-google&utm_campaign=store-casale-sul-sile\0422 822124\\TV\
Zona mercato Casale sul Sile\31032 Casale sul Sile TV\\\\TV\
Supermercato Coop\Via Roma, 35, 31032 Casale sul Sile TV\https://www.coopalleanza3-0.it/volantino/featured/5580-casale-sul-sile.html?utm_campaign=offerte-volantino&utm_content=5580&utm_medium=gmb&utm_source=google\0422 997014\GRAD@20..48\TV\
Formaggi & Salumi\Via Pozzetto, 8, 31057 Sant'Elena TV\\\\TV\
Il mio Vino da Denis\Via Nuova Trevigiana Casale, 2830, 31032 Casale Sul Sile TV\\333 900 3666\\TV\
Autogrill Sile Ovest\A27 km, 9, 31032 Casale sul Sile TV\https://www.autogrill.it/\0422 350297\\TV\
Spaccio Carni Al Gusto\Via Poianon, 8, 30020 Marcon VE\https://www.al-gusto.it/\339 652 5093\\VE\
Da Roberto La Buona Gastronomia di Vecchiato Roberto\Via Roma, 25, 31032 Casale sul Sile TV\\0422 822433\\TV\
Prix\Via del Barcaro, 2, 31032 Casale sul Sile TV\https://www.prixquality.com/punti-vendita/casale-sul-sile-297/\800 894 422\Logo-color@2x.png leaflet@1.8.0 ui@5.0 bootstrap@5.0.0-beta2\TV\
Alquasitutto di Sartorato Remo\Via Roma, 10, 31032 Casale Sul Sile TV\https://www.facebook.com/pages/category/Bar/alquasitutto-1828625120553215/\0422 822916\\TV\
Eurospin\Via Nuova Trevigiana Casale, 114, 31032 Casale Sul Sile TV\\045 786 2000\\TV\
Bar Roma Pinsa e sapori. Pinse pizze hamburger club sandwich\Via Vittorio Veneto, 22, 31032 Casale sul Sile TV\https://www.facebook.com/pages/category/Wine-Bar/Bar-Roma-395770170562667/\0422 278408\\TV\
Cooperativa G. Toniolo Conscio\Via Peschiere, 38, 31032 Casale sul Sile TV\http://www.cooperativaconscio.it/\0422 827010\info@cooperativaconscio.it\TV\
Macelleria Pavan\Via Roma, 32, 31057 Silea TV\\0422 362838\\TV\
Macelleria Cadamuro Lorenzo\Via Italia '61, 8, 30020 Fossalta di Piave VE\\393 123 4333\\VE\
Sartorato Ferdinando & C.\Via Roma, 24, 31030 Dosson TV\\0422 382953\\TV\
Bonazza S.P.A.\Via Triestina, 185b, 30173 Venezia VE\http://www.bonazza.it/\041 541 5161\info@bonazza.it\VE\
Latteria e Salumeria Vecchiato\Via Olme, 42, 31021 Mogliano Veneto TV\\041 455402\\TV\
Tinello Sile Bistrot\Via Vittorio Veneto, 39, 31032 Casale Sul Sile TV\\347 484 6842\\TV\
Fermi\Via S. Parisio, 1517, 31100 Treviso TV\http://www.fermi-treviso.com/\0422 540818\info@fermi-treviso.com\TV\
Formaggi Manzato\Via Bonetto, 18, 31040 Campobernardo TV\https://www.formaggimanzato.it/\351 758 5212\info@formaggimanzato.it aziendamanzato@gmail.com\TV\
Macelleria-Gastronomia Livio Barbisan San Don di Piave\Centro Commerciale Aquilegia, Via Giorgio La Pira, 5, 30027 San Don di Piave VE\\0421 65271\\VE\
Latteria Sant'Andrea Societ Agricola Cooperativa\Via Ugo Bassi, 2, 31100 Treviso TV\http://www.lattsantandrea.com/dove-trovare-i-prodotti-latteria-santandrea/\0422 302327\info@latteriasantandrea.it\TV\
Macelleria da Andrea\Viale della Liberazione, 67, 31030 Casier TV\\328 323 6990\\TV\
Azienda Agricola Nascimben\Via Peschiere, 75a , 31030, 31030 Casier TV\\340 860 9378\\TV\
Al Supermercato\Viale della Liberazione, 68 AInt 7, 31030 Casier TV\https://www.alisupermercati.it/negozi-e-volantini/negozi/casier?utm_source=google&utm_medium=schede-google&utm_campaign=store-casier\0422 670769\\TV\
Il piacere della carne macelleria and more\Piazza Europa, 14, 31057 Silea TV\https://www.facebook.com/IPdCandmore\339 788 4074\\TV\
Pascoli Verdi\Vicolo Tintoretto Jacopo, 12, 31022 Preganziol TV\http://www.pascoliverdi.it/\0422 178 2316\info@example.com\TV\
Panificio Eredi Favaretto Cesare & C. S.A.S di Favaretto P.\Via Peschiere, 1, 31030 Dosson TV\https://www.panificioeredifavarettocesare.it/\0422 380582\\TV\
La Bottega della Carne\Via R. Franchetti, 87, 31022 San Trovaso TV\https://www.facebook.com/pg/La-Bottega-della-Carne-513307578810192/about/?ref=page_internal\0422 491345\\TV\
Marin S.r.l.\Via Panigaia di Treville, 31, 31033 Castelfranco Veneto TV\\0423 472739\\TV\
Spaccio Becher\Via Roma, 1, 31050 Ponzano TV\https://www.becher.it/spaccio-becher/\0422 961499\por-regione-veneto-150x100@2x.jpg info@becher.it Spaccio-carousel-2-600x600@2x.jpg Spaccio-carousel-1-600x600@2x.jpg Spaccio-carousel-5-600x600@2x.jpg Spaccio-carousel-6-600x600@2x.jpg Spaccio-carousel-3-600x600@2x.jpg Spaccio-carousel-4-600x600@2x.jpg\TV\
Trattoria Al Sile\Piazza S. Pio X, 60, 31030 Casier TV\http://www.trattoriaalsile.it/\0422 340011\instafeed.js@2.0.0rc1\TV\
Salumificio Fratelli Billo\Via Giarre di Sicilia, 36029 Cismon del Grappa VI\http://www.fratellibillo.it/\0429 844516\info@fratellibillo.it\VI\
Pizzolon Luca\Via Conte, 10, 31020 Lancenigo TV\\0422 444383\\TV\
Cattarin Pierangelo\Via Principale, 99, 31030 Casier TV\\0422 340670\\TV\
Salumeria Marcon\Str. delle Bruscole, 11, 31015 Conegliano TV\\0438 788095\\TV\
Supermercato Interspar Casier\Via Ippolito Pindemonte, 21, 31030 Casier TV\https://www.despar.it/it/punto-vendita-interspar/868/dosson-di-casier/?&utm_source=google&utm_medium=organic&utm_campaign=local-sitoweb-interspar-casier\0422 338298\\TV\
Dal Biavarol Salumi E Formaggi\SP132, 31020 Lancenigo TV\\366 262 8281\\TV\
Macelleria Cendron\Str. Feltrina, 11, 31038 Paese TV\http://www.macelleriacendron.it/\0422 959294\cendroncarni@virgilio.it\TV\
Casa del Parmigiano\Via Palestro, 40, 31100 Treviso TV\https://m.facebook.com/casadelparmigianotreviso/?locale2=it_IT\0422 412028\\TV\
Salumificio Bianco Angelo\Via Roma Fraz. Solighetto, 14, Via Roma, 14, 31053 Solighetto TV\https://www.salumificiobianco.com/\0438 82805\\TV\
Carni Bonetto S.R.L.\Via Ronchi, 145, 35010 Loreggia PD\http://www.carnibonetto.it/\049 579 4385\info@carnibonetto.it\PD\
Salumificio Micad - Logistica\Via Luigi Einaudi, 53, 36056 Tezze sul Brenta VI\https://www.salumificiomicad.it/\0424 561138\\VI\
Macelleria Salumeria La Bella di Padoin Daniele\Via Ligonto, 21, 31051 La Bella-ligonto TV\\0438 971324\\TV\
Azienda Agricola Pastrello S.S. di Francesco e Luigino\Via Tito Speri, 66, 30037 Scorz VE\https://www.facebook.com/share/1C7WpZkH5i/\041 446917\\VE\
Macelleria Gastronomia da Mario e Miranda\Viale Trento E Trieste, 17, 31030 Castelcucco TV\\0423 563358\\TV\
Macelleria Pellizzari Andrea\Viale Trento E Trieste, 17, 31030 Castelcucco TV\\0423 563358\\TV\
Supermercato Despar Castelcucco\Viale Trento E Trieste, 55, 31030 Castelcucco TV\https://www.despar.it/it/punto-vendita-despar/52/castelcucco/?&utm_source=google&utm_medium=organic&utm_campaign=local-sitoweb-supermercato-despar-castelcucco\0423 962185\\TV\
Agr.Da Memi e Maria\Via Pioggio, 13, 31030 Castelcucco TV\https://www.facebook.com/agriturismodamemiemaria\0423 962109\\TV\
Bar Al Portego\Via del Portego, 12, 31030 Castelcucco TV\\0423 962155\\TV\
Salumi & Formaggi Dalla Libera Mirca\Via S. Gaetano, 17, 31030 Castelcucco TV\https://www.facebook.com/dallaliberasalumiformaggi\331 118 8899\\TV\
La Bottega Della Carne\Via E. de Amicis, 4, 31033 Castelfranco Veneto TV\\338 560 7022\\TV\
Targhetta Umberto\Via Francesco Maria Preti, 33, 31033 Castelfranco Veneto TV\\0423 495368\\TV\
Del Borgo Carni Srl di Gatto Renato\Via Borgo Padova, 82, 31033 Castelfranco Veneto TV\\0423 493101\\TV\
Macelleria islamica Market atlas srl\Piazza Europa Unita, 5, 31033 Castelfranco Veneto TV\\388 073 2526\\TV\
Gastronomia M.G. S.R.L.\Via S. Giorgio, 11, 31033 Castelfranco Veneto TV\\0423 491878\\TV\
DAI MOTI agribottega\Via Casoni, 6a, 31033 Castelfranco Veneto TV\\348 439 8202\\TV\
Nonna Giuliana\Borgo Vicenza, 39A, 31033 Castelfranco Veneto TV\\0423 374289\\TV\
Stragliotto Carni\Via Francesco Maria Preti, 45, 31033 Castelfranco Veneto TV\\0423 494467\\TV\
Zuccolotto Maurizio\Via Castellana, 40, 31033 Castelfranco Veneto TV\\0423 482627\\TV\
Cooperativa San Bovo sca\Via Don Ernesto Bordignon, 30, 31033 Castelfranco Veneto TV\https://www.crai-supermercati.it/negozi-e-volantini/\0423 496901\\TV\
Iper La grande i - Castelfranco Veneto\V. dei Carpani, 21 A, 31033 Castelfranco Veneto TV\http://www.iper.it/castelfranco-veneto\0423 7371\\TV\
Macelleria islamica Dadi\Via Cristoforo Colombo, 44, 31033 Castelfranco Veneto TV\\349 635 0477\\TV\
Al supermercati - Castelfranco Veneto\Borgo Vicenza, 20-26, 31033 Castelfranco Veneto TV\https://www.alisupermercati.it/negozi-e-volantini/negozi/castelfranco?utm_source=google&utm_medium=schede-google&utm_campaign=store-castelfranco\0423 720032\\TV\
Macelleria Targhetta Di Targhetta Pietro & C. (S.N.C.)\Piazza Giorgione, 17, 31033 Castelfranco Veneto TV\\0423 493480\\TV\
Gastronomia Giuliana Di Girotto Marco\V. dei Carpani, 2, 31033 Castelfranco Veneto TV\\0423 491934\\TV\
Macelleria Baggio\Via Centro, 8, 31033 Salvatronda TV\\0423 627835\\TV\
Cadoro Supermercati - Castelfranco\Via Circonvallazione Est, 30C, 31033 Castelfranco Veneto TV\https://www.cadoro.it/punti-vendita/castelfranco\0423 491160\\TV\
Mazzon Francesco\Via Postioma di S. Floriano, 22, 31033 Castelfranco Veneto TV\\0423 476585\\TV\
Cooperativa Agricola Produttori Castellana - Societa' Cooperativa Agri\Via Don Ernesto Bordignon, 3, 31033 Castelfranco Veneto TV\http://www.coopcastellana.it/\0423 496901\purecss@1.0.0\TV\
Salami di Casa - Duregon Piccole Produzioni Locali\Via Venezia, 43, 31023 Resana TV\\\\TV\
Martini Roberto Affinatura Formaggi e Salumi\Via Merry del Val, 13, 31039 Riese Pio X TV\\0423 483156\\TV\
Martini Carni e Salumi di Martini Andrea e Giovanni S.a.s.\Via Roma, 122, 31050 Ponzano TV\\0422 963270\\TV\
El Buongustaio Treville\Via Monte Pelmo, 1, 31033 Castelfranco Veneto TV\https://www.elbuongustaio.it/#\351 443 2187\elbuongustaiosrl@pec.it\TV\
Ferrowine\Via Borgo Padova, 101A, 31033 Castelfranco Veneto TV\http://www.ferrowine.it/\0423 494314\info@ferrowine.it jesolo@ferrowine.it 20jesolo@ferrowine.it 20info@ferrowine.it ecommerce@ferrodistribuzione.it ferrodistribuzione@legalmail.it\TV\
Max\Via Borgo Padova, 74, 31033 Castelfranco Veneto TV\https://www.maxisupermercati.it/\0423 420428\\TV\
Cuor di Crai Superloria\Via S. Pio X, 115B, 31033 Castelfranco Veneto TV\https://www.crai-supermercati.it/negozi-e-volantini/\0423 723434\\TV\
Macelleria Stangherlin Di Stangherlin Damiano\Via Vegre, 29, 31030 Castello di Godego TV\\0423 760160\\TV\
80 La Macelleria Baggio\Via Muson, 2aint.4, 31030 Castello di Godego TV\\348 122 2469\\TV\
SUPERMERCATO A&O\Via Papa Luciani, 7, 31030 Castello di Godego TV\https://www.aeo.it/punti-vendita/veneto/supermercato-aeo-castello-di-godego\0423 468846\gio@pulsapublishing.it a@a.it\TV\
Dpi Castello di Godego\Via Enrico Fermi, 2, 31030 Castello di Godego TV\https://www.d-piu.com/\0423 760197\\TV\
Crai - Da Paolo e Grazia\Via Piave, 11, 31030 Castello di Godego TV\https://www.crai-supermercati.it/punti-vendita/pdv.php?id=250\0423 469829\\TV\
Bassani Alberto\Via Trento, 3, 31030 Castello di Godego TV\\0423 468962\\TV\
Pianeta Verde da Alberto\Via L. da Vinci, 40, 31030 Castello di Godego TV\https://www.facebook.com/Pianeta-Verde-584386665056027/\0423 468962\\TV\
Agriturismo Ai Bagolari di Dussin Daniela e Nadia\Via Masaccio, 26, 31030 Castello di Godego TV\http://www.agriturismoaibagolari.it/\0423 469547\\TV\
Il Glicine - Natural BnB\Via Grande, 99, 31030 Castello di Godego TV\http://www.bnbilglicine.com/\347 451 6059\info@bnbilglicine.com\TV\
Sole Market\\\0422 380745\\\
Formaggi e salumi da Danilo\Via G. Marconi, 11, 31030 Castello di Godego TV\\0423 760360\\TV\
Supermercato Crai 5effe SRL\Borgo Filanda, 34, 31034 Cavaso del Tomba TV\https://www.crai-supermercati.it/punti-vendita/pdv.php?id=212\0423 942150\\TV\
Quel del formai\Via Castelcies, 27, 31034 Cavaso del Tomba TV\\339 182 5460\\TV\
Centro Veneto Formaggi\Via Valcavasia, 40, 31034 Caniezza TV\https://www.venetoformaggi.it/it/azienda/\0423 543198\VENETOFORMAGGI-badge-bianco@3x.png chiudi@3x.png VENETOFORMAGGI-badge-bianco@2x.png ico_facebook@2x.png map_placeholder@3x.png chiudi@2x.png foto-drone@2x.jpg amministrazione@venetoformaggi.it menu@3x.png VENETOFORMAGGI-logo@3x.png ico_instagram@2x.png VENETOFORMAGGI-badge-colore@2x.png ico_instagram@3x.png VENETOFORMAGGI-badge-colore@3x.png map_placeholder@2x.png VENETOFORMAGGI-logo@2x.png foto-drone@3x.jpg commerciale@venetoformaggi.it company_banner@2x.jpg company_banner@3x.jpg menu@2x.png ico_facebook@3x.png\TV\
Azienda Agricola San Martino\Via dei Castelli, 3D, 31040 Pederobba TV\\351 739 6101\\TV\
Fattoria di Sila\Via Chiesa Monfumo, 27, 31010 Monfumo TV\\0423 191 7094\\TV\
Pizzeria e Spaghetteria da Rodi\Piazza Pieve, 6, 31034 Cavaso del Tomba TV\\0423 562233\\TV\
Nuovagricola di Conte Andrea & Nicola Snc\Via Guglielmo Marconi, 54, 31034 Caniezza TV\http://www.nuovagricola.it/\0423 562554\\TV\
La Macelleria Di Nicola Dissegna\Via Molinetto, 40, 31054 Possagno TV\\0423 544509\\TV\
Olimpic Pizzeria\Via Valcavasia, 30, 31034 Caniezza TV\http://www.olimpicbirreria.it/\0423 562187\\TV\
Trattoria da Rosso\via General Angelica, 12, 31034 Cavaso del Tomba TV\\0423 562531\\TV\
Bozzato Narciso\Via Ugo Bartolomei, 10 32031, 32038 Alano di Piave BL\\0439 779108\\BL\
Macelleria Baldin Andrea\Via Roma, 22, 31040 Pederobba TV\\0423 69887\\TV\
Agriturismo a Due Passi dal Tempio\Via Caldoie, 58, 31034 Cavaso del Tomba TV\https://www.agriturismoaduepassidaltempio.com/\0423 544231\\TV\
Tenuta Sancavallo\Via Bastia, 9, 31034 Cavaso del Tomba TV\\348 761 3028\\TV\
Agriturismo Croda Bianca\Via Monte Tomba, 31034 Cavaso del Tomba TV\https://www.facebook.com/share/1BBsFbME8b/?mibextid=LQQJ4d\331 173 5643\\TV\
Latteria Agriturismo Fedrigo\Via Callunga, 51, 31040 Cessalto TV\http://www.latteriafedrigo.it/\348 344 2513\\TV\
Torresano Salumi e Tradizioni dal 1971\Via Triestina, 3, 30020 Torre di Mosto VE\http://www.torresano.it/\0421 312081\rialtofoodart@pec.it salumificio@torresano.it\VE\
Ristop  Calstorta Sud\VE, TS, Via Calstorta, 31040 Direzione TV\https://www.lagardere-tr.it/it/ristop\0421 327179\\TV\
IRGA ORTFRUIT\Via Maggiore, 1, 31040 Cessalto TV\\\\TV\
Fedalto Odino\Via Pitter, 2, 31055 Quinto di Treviso TV\\0422 379546\\TV\
Agriturismo Le Vigne Morosina\Via Callunga, 72, 31040 Cessalto TV\https://www.agriturismolevignemorosina.com/it/\0421 327323\info@mushroomfem.com info@agriturismolevignemorosina.com\TV\
Salumificio Silvano Mori Srl\Via della Pace, 2, 58036 Torniella GR\http://www.salumificiomori.com/\0564 575436\info@salumificiomori.com\GR\
Fattoria di Ice\Via Colonne, 5, 31040 Cessalto TV\\\\TV\
Salumificio G&B di Benedetti Gianluca\Via Arrigo VII, 1A, 58045 Paganico GR\https://www.salumificio3esse.it/\347 065 6144\gianlucabenedetti01@gmail.com\GR\
Crai\Via Roma, 99, 31040 Chiarano TV\https://www.crai-supermercati.it/negozi-e-volantini/\0422 746597\\TV\
La Becheria Macelleria Gastronomia\Piazza Martiri, 15, 31010 Cimadolmo TV\http://www.labecheria.it/\0422 152 0203\barbaravtt@gmail.com\TV\
CRAI\Via Roma, 14, 31010 Cimadolmo TV\https://www.crai-supermercati.it/punti-vendita/index.php?cap=&provincia=Treviso\0422 748555\\TV\
Azienda Agricola Le Gondolere\Via Roncadelle, 28B, 31010 Cimadolmo TV\\345 181 9716\\TV\
Cimadolmo snc soc.agr.\Via Grave, 43, 31010 Cimadolmo TV\\\\TV\
Pianeta Alimentare S.R.L.\Via Monte Grappa, 3335, 31020 Vidor TV\http://www.pianetalimentare.com/\0423 987151\info@pianetalimentare.it\TV\
Ristorante Alla Botte\Via Nazario Sauro, 8, 31010 Cimadolmo TV\http://www.ristoranteallabotte.it/\0422 743173\\TV\
Salvadori Agricoltura\Via Piave, 6, 31010 San Michele di Piave TV\http://www.salvadoriagricoltura.com/\0422 743024\info@salvadoriagricoltura.com\TV\
Europiave S.r.l.\Vicolo Stabiuzzo, 4, 31010 Cimadolmo TV\https://www.europiave.it/\0422 743906\info@europiave.it\TV\
OLD TIME FESTIVAL\Q8RQG8, 31010 Cimadolmo TV\\\\TV\
Prosciuttificio San Marco\Via Meledo Alto, 1, 36040 Sarego VI\http://prosciuttificiosanmarco.it/\0444 822232\info@prosciuttificiosanmarco.it\VI\
Salumificio M. Brugnolo Srl\Via Venezia, 15, 35010 Perarolo di Vigonza PD\http://www.salumificiobrugnolo.it/\049 893 4222\info@salumificiobrugnolo.it\PD\
Prodotti tipici Veneti  Salumi veneti  La fattoria di Michele Cordignano\Via Isonzo, 13, 31016 Cordignano TV\\347 975 6163\\TV\
Salumificio De Mori Luigi\Via Vittorio Veneto, 1B, 35020 Albignasego PD\http://www.luigidemori.it/\049 862 9583\demorisrl@gmail.com\PD\
Formaggi Salumi da Maria di Zanette Elda\Via Pasubio Nord, 46, 31016 Cordignano TV\https://www.facebook.com/formaggiesalumidaMaria\0438 995648\\TV\
Salumificio Franco Verona s.r.l.\Via G. Galilei, 56, 36036 Torrebelvicino VI\\0445 660049\\VI\
Salumificio Squizzato Sas\Via Padova, 188, 30030 Vigonovo VE\https://www.squizzato.info/\049 502758\squizzato1952@yahoo.it\VE\
Salumificio Bovo dal 1987 Di Bortolazzi Massimo\Via Lago di Garda, 29B, 37060 Buttapietra VR\https://www.salumificiobovo.com/\045 542014\\VR\
Macelleria Salumeria Di Pianca Adar\Via Duca D'Aosta, 25, 31028 Vazzola TV\https://www.facebook.com/macelleriasalumeriadipiancaadar\0438 196 1000\\TV\
La Bottega del Salumificio Squizzato\Via Padova, 182, 30030 Tombelle VE\http://www.squizzato.info/\\squizzato1952@yahoo.it\VE\
Salumificio Pantarotto\Localit Torricella, 14, 33078 San Vito al Tagliamento PN\http://lorispantarotto.it/\0434 874090\info@lorispantarotto.it\PN\
Salumificio Sant'Orso\Via Leonardo Da Vinci, 18, 36030 Caltrano VI\http://www.salumisantorso.it/\0445 314118\\VI\
Salumificio Carretta\Via Garziere, 79, 36014 Santorso VI\http://www.salumificiocarretta.it/\0445 575099\info@salumificiocarretta.it salcarrettafelicino@legalmail.it\VI\
Salumificio Serafini S.n.c.\Via Monte Pastello, 2, 37057 San Giovanni Lupatoto VR\\045 925 1819\\VR\
Salumificio San Domenico\Via San Domenico, 130, 36012 Asiago VI\http://www.salumificiosandomenico.com/\0424 63979\info@salumificiosandomenico.com\VI\
Salumificio La Valpantena\Via Archimede, 22, 37036 San Martino Buon Albergo VR\\045 990310\\VR\
Macelleria Da Antonio Di Cardinale Antonio\Via Vittorio Veneto, 14, 31030 Cison di Valmarino TV\\366 457 2640\\TV\
La Bottega di Vale\Via S. Vito, 4, 31030 Cison di Valmarino TV\https://www.facebook.com/BottegaDiVale\331 422 9821\\TV\
BIORKA\Via Italia '61, 23, 31030 Cison di Valmarino TV\https://www.biorkabar.it/\366 368 3674\focus-within-polyfill@5.0.9 rspack@1.6.8 intl-segmenter@11.7.10 biorkabar@gmail.com core-js-bundle@3.2.1 react@18.3.1 605a7baede844d278b89dc95ae0a9123@sentry-next.wixpress.com 8c4075d5481d476e945486754f783364@sentry.io 8eb368c655b84e029ed79ad7a5c1718e@sentry.wixpress.com lodash@4.17.23 e0b4d631da7b4200828051f7f9c783e3@sentry-next.wixpress.com react-dom@18.3.1\TV\
Vinaria Veneto\Piazza Roma, 19, 31030 Cison di Valmarino TV\http://lovingveneto.it/\334 674 1462\\TV\
Salumificio Follinese Di Paier Luciano\Via Case Nuove, 2, 31030 Cison di Valmarino TV\\0438 970962\\TV\
Macelleria Zanette di Zanette Martina\Via Roma, 25, 31013 Codogn TV\\0438 794764\\TV\
Macelleria Dal Cin Attilio\Via Roma, 99, 31013 Codogn TV\\0438 795306\\TV\
Eurocarni Zanette\Via Roma, 25, 31013 Codogn TV\\\\TV\
Cantina di Codogne' - Vignaioli Veneto Friulani sca\Via Roma, 44, 31013 Codogn TV\\0438 794734\\TV\
Latteria di Roverbasso Srl\Via Roma, 211, 31013 Roverbasso TV\https://www.latteriadiroverbasso.com/\0438 795167\info@latteriadiroverbasso.com\TV\
Az. Agr. Benedetti Luciano\Via Chiesa, 5, 31013 Codogn TV\\0438 794391\\TV\
Agriturismo Arneroni\Codogn, Via arneroni 6, 31013 Codogn TV\http://www.arneroni.it/\345 017 4703\wght@400..700\TV\
Zanette Dino\Via Aldo Moro, 24, 31013 Codogn TV\\0438 794894\\TV\
Zambon Giandomenico Macelleria Salumeria\Via Roma, 16, 31020 San Fior TV\\0438 768524\\TV\
Eurofrutta Codogn\Via Roma, 163, 31013 Codogn TV\https://www.eurofruttaselfservice.it/\324 012 1719\\TV\
Macelleria E Salumeria Carrer Alda\Via dei Fracassi, 63, 31018 Francenigo TV\\0434 767528\\TV\
Dentesano Salumi srl\Via Aquileia, 89, 33050 Percoto UD\http://www.dentesano.it/\0432 676397\info@dentesano.it\UD\
Salumificio Pitaccolo G. Srl\Via Malignani, 2, 33050 Castions di Strada UD\http://www.salumificiopitaccolo.com/\0432 769779\\UD\
Salumificio Del Ben Ernesto & C. S.A.S.\Via Lorenzo Selva, 104B, 33085 Maniago PN\http://www.delben.it/\0427 71211\\PN\
Salumifici GranTerre Spa\Via Arch. Ermes Midena, 28, 33038 San Daniele del Friuli UD\\0432 955551\\UD\
'Salumificio Provesanese S.R.L.'\Via Giuseppe Mazzini, 13, 33095 Provesano PN\\0427 96279\\PN\
Salumificio Coletti Pierino & C.(S.N.C.)\Via Pinzano al Tagliamento, 16, 33030 Flagogna UD\http://www.salumificiocoletti.it/\0427 808188\\UD\
Salumificio Pitaccolo G. S.R.L.\Via dell'Olmo, 33030 Varmo UD\http://www.salumificiopitaccolo.com/\0432 778448\\UD\
Macelleria - Salumeria Libralesso Srl\Via Gabriele d ' Annunzio, 2 - Fraz, Via Gabriele d ' Annunzio, 2, 31050 Badoere TV\https://www.casadellacarnesrl.it/\\info@casadellacarnesrl.it\TV\
Salumificio Pantanali\Viale S. Daniele, 64, 33010 Colugna UD\\0432 401013\\UD\
Macelleria Salumeria Grizzo Sergio dal 1973\Via F. Cavallotti, 78, 33080 Roveredo in Piano PN\https://www.macelleriagrizzoroveredo.it/\0434 94159\info@macelleriagrizzoroveredo.it\PN\
Salumificio - Busin Saven S.r.l.\Via Trieste, 158, 36010 Zan VI\http://www.salumificiobusin.it/\0445 314103\\VI\
Prolongo IL PROSCIUTTO srl\Via Trento Trieste, 129, 33038 San Daniele del Friuli UD\http://www.prolongo.it/prodotti\0432 957161\\UD\
Macelleria Zambon Edoardo & C. S.n.c.\Via Immacolata di Lourdes, 10, 31015 Conegliano TV\\0438 24249\\TV\
Salumificio Zoratti Srl\Via Perugia, 3, 33010 Tavagnacco UD\https://www.zoratti.net/\0432 573083\\UD\
Salumificio Il Borgo\Via Toscana, 183, 53014 Monteroni d'Arbia SI\https://ilborgosalumidisiena.it/\\bottega@ilborgosalumidisiena.it\SI\
Gala Superstore\Via Johann Gutenberg, 72, 06133 Corciano PG\http://www.galasupermercati.it/\075 605121\pretty-checkbox@3.0\PG\
Sultano\Str. Cenerente - Colle Umberto, 70, 06133 Colle Umberto I PG\https://www.facebook.com/sultanocorciano\351 729 4239\\PG\
Salumificio Cerboni Di Augusto C.\Via del Gallaccino, 17, 58033 Castel del Piano GR\http://www.salumificiocerboni.it/\0564 955343\\GR\
Azienda Agraria Carlo Marco Carini\STRADA DEL TEGOLARO 2 Colle Umberto, 06133 Canneto PG\http://www.agrariacarini.it/\075 605 9495\ben@provenancewine.co.uk info@agrariacarini.it\PG\
Taciturno\Via Boschetta, 15, 31014 Mescolino-minelle TV\\0438 39731\\TV\
Salumificio Toscano Piacenti SpA\Via Fonte di Campaino, 16, 53037 Badia A Elmi SI\http://www.piacenti.com/\0577 944786\info@salumeriadimontesansavino.it\SI\
La Botteghina\Str. S. Giovanni del Pantano, 83, 06133 San Giovanni del Pantano PG\\329 062 0225\\PG\
Dai pugliesi De Filippo Prodotti&Delizie dalla Puglia\Via G. Verdi, 14, 31014 Mescolino-minelle TV\\338 980 5554\\TV\
Salumificio Agabiti\Localit Sala, 15, 02016 Sala RI\https://www.salumificioagabiti.it/\\\RI\
IperTosano Colle Umberto\Via Calate, 12, 31014 Colle Umberto TV\http://www.supertosano.com/\0438 394841\\TV\
Salumificio del Colle\Localit San Pietro, 87026 Mormanno CS\http://www.salumidelcolle.it/\0981 81956\info@salumidelcolle.it\CS\
Dominici1939\06056 Localit Cimacolle PG\https://www.dominici1939.it/\075 889448\\PG\
Cavalier Umberto Boschi\Via Aldo Moro, 3A, 43035 Felino PR\http://www.umbertoboschi.it/\0521 836724\\PR\
Terzo Tempo\Via Sambuca, 1, 06133 Colle Umberto I PG\\377 666 1216\\PG\
Gallerie Bennet Colle Umberto\Via Calate, 12, 31014 Colle Umberto TV\https://www.centrocommerciale-colleumberto.com/\0438 394841\\TV\
Corte dei Venti\Loc. Piancornello, 35, 53024 Montalcino SI\http://www.lacortedeiventi.it/\347 365 3718\info@cortedeiventi.com\SI\
Supermercati Tosano Cerea S.r.l.\Via Calate, 13, 31014 Colle Umberto TV\https://www.supertosano.com/\0438 394841\\TV\
Trattoria Orikum\Viale dell' Artigianato, 14, 31014 Colle Umberto TV\\349 561 3925\\TV\
Salumeria Macelleria Mutti Ennio\Frazione Baracca 44, 15050 Sarezzano AL\https://www.salumeria-mutti-dal-1969.com/\0131 884169\focus-within-polyfill@5.0.9 rspack@1.6.8 lodash@4.17.23 mutti.1969@libero.it intl-segmenter@11.7.10 core-js-bundle@3.2.1 react@18.3.1 605a7baede844d278b89dc95ae0a9123@sentry-next.wixpress.com 8c4075d5481d476e945486754f783364@sentry.io 8eb368c655b84e029ed79ad7a5c1718e@sentry.wixpress.com 78f7996315bc402f9dcb8a2f974b82d1@sentry.wixpress.com 79baaa8e09c746d2b7401643b99792e0@sentry.wixpress.com react-dom@18.3.1 9a65e97ebe8141fca0c4fd686f70996b@sentry.wixpress.com\AL\
Salumificio Merlotti srl\Via Bruno Buozzi, 1, 46045 Marmirolo MN\http://www.salumimerlotti.it/?utm_source=google&utm_medium=wix_google_business_profile&utm_campaign=7495003168792900470\0376 294468\focus-within-polyfill@5.0.9 rspack@1.6.8 1eeb89147c984dc6bc3ffafd9e6cd089@sentry.wixpress.com 88170cb0c9d64f94b5821ca7fd2d55a4@sentry-next.wixpress.com lodash@4.17.23 intl-segmenter@11.7.10 core-js-bundle@3.2.1 271e9fa3230b4eec94b02bf95780f5f2@sentry.wixpress.com react@18.3.1 605a7baede844d278b89dc95ae0a9123@sentry-next.wixpress.com info@salumimerlotti.it 8c4075d5481d476e945486754f783364@sentry.io ed436f5053144538958ad06a5005e99a@sentry.wixpress.com 8eb368c655b84e029ed79ad7a5c1718e@sentry.wixpress.com 460ff4620fa44cba8df530afde949785@sentry.wixpress.com 2062d0a4929b45348643784b5cb39c36@sentry.wixpress.com react-dom@18.3.1 9a65e97ebe8141fca0c4fd686f70996b@sentry.wixpress.com\MN\
NELLO Salumi & Formaggi\Via XXIV Maggio, 62, 31015 Conegliano TV\\\\TV\
Macelleria Montagner N. & C.\P.le S. Martino, 9, 31015 Conegliano TV\https://www.instagram.com/macelleriamontagner/\0438 22119\\TV\
Roma Gianfranco Specialit per La Ristorazione\Via Maggiore G. Piovesana, 146, 31015 Conegliano TV\http://www.romagianfranco.com/\0438 412253\info@romagianfranco.com\TV\
Macelleria Rangrazio\Via Daniele Manin, 39e, 31015 Conegliano TV\https://www.macelleriarangrazio.it/\0438 62952\massimo.rangrazio@gmail.com\TV\
Bottega della Carne\Via Ortigara, 127, 31015 Conegliano TV\\0438 60148\\TV\
La Macelleria di Zaia e Tomasella\Via XXIV Maggio, 18A, 31015 Conegliano TV\https://lamacelleriadizaiaetomasella.com/\0438 23109\\TV\
Macelleria San Giuseppe\Via G. Matteotti, 24B, 31015 Conegliano TV\\0438 22419\\TV\
Saccon Danilo\Via Santa Caterina da Siena, 9, 31015 Conegliano TV\\0438 370334\\TV\
Le mannaie -Bekeria-\Via Camillo Benso Conte di Cavour, 37, 31015 Conegliano TV\\320 637 0126\\TV\
Gastronomia Stabile a 180\Viale Italia, 15, 31015 Conegliano TV\\339 436 9480\\TV\
Remo  Gastronomia & Cucina\V. Monticano, 12A, 31015 Conegliano TV\\389 044 4033\\TV\
Latteria di Conegliano\Via M. Giunti, 18, 31015 Conegliano TV\http://www.latteriasoligo.it/\0438 60777\\TV\
Formaggi E Salumi Cima\Viale XXIV Maggio, 62A, 31015 Conegliano TV\\\\TV\
Za Macelleria Salumeria\Via G. Matteotti, 24, 31015 Conegliano TV\\\\TV\
MACELLERIA AL FAROUK\Via A. F. Armellini, 9, 31015 Conegliano TV\\338 572 1770\\TV\
Le Gout Rosticceria\Viale Istria, 45, 31015 Conegliano TV\http://www.legoutrosticceria.it/\0438 31995\info@legoutrosticceria.it\TV\
Winner x Eat's Conegliano\Via Cesare Battisti, 5R, 31015 Conegliano TV\https://supermercatiwinner.it/conegliano/\0438 61996\supermercati@alicomwinner.it\TV\
Al supermercati\Via Maggiore G. Piovesana, 71, 31015 Conegliano TV\https://www.alisupermercati.it/negozi-e-volantini/negozi/conegliano-2?utm_source=google&utm_medium=schede-google&utm_campaign=store-conegliano-2\0438 33505\\TV\
Marcon Dino Gabriele\Via delle Genziane, 14, 31015 Conegliano TV\\0438 31327\\TV\
Negozio Rumeno - Magazinul Romanesc Eli.S.Ro\Via Adolfo Vital, 74C, 31015 Conegliano TV\\\\TV\
L'Antica Quercia\Via Cal di Sopra, 8, 31015 Conegliano TV\http://www.anticaquercia.it/\0438 789344\info@anticaquercia.it info@laghiandaia.it\TV\
Panificio Pellegrinet\Via Ortigara, 42, 31015 Conegliano TV\\0438 61005\\TV\
Ethnic World  Conegliano\Viale Venezia, 87, 31015 Conegliano TV\https://www.ethnicworld.it/\0438 942721\info@ethnicworld.it\TV\
Clan S.r.l.\Viale Italia, 349, 31015 Conegliano TV\\\\TV\
Ca' dei Falchi - Terre di Vino\Str. delle Bruscole, 15, 31015 Conegliano TV\http://www.cadeifalchi.it/\347 568 8581\\TV\
Mix Markt Conegliano - prodotti rumeni, moldavi, polacchi, ucraini, serbi, georgiani, albanesi\Viale Istria, 15, 31015 Conegliano TV\https://mixmarkt.it/\0438 167 1737\v.bekysh@monolith-gruppe.com\TV\
Macelleria Gastronomia Bernardi\Piazza S. Pietro, 41, 31020 Cosniga-zopp TV\\0438 777464\\TV\
Bottega della carne di Rizzotto Christian\Piazza Italia, 31, 31016 Cordignano TV\\0438 473188\\TV\
Macelleria Braido Luigi Snc Di Braido Cirillo & C.\Via Roma, 33, 31016 Cordignano TV\\0438 999084\\TV\
Dama Bianca Di Bitto E Zilio Veronica E C. S.n.c.\Via Roma, 20, 31016 Cordignano TV\\0438 998252\\TV\
Supermercato A&O Cordignano\Via Isonzo, 1, 31016 Cordignano TV\https://www.aeo.it/punti-vendita/Veneto/supermercato-aeo-cordignano\0438 995594\gio@pulsapublishing.it a@a.it\TV\
a o, SVELTO A&O CORDIGNANO (TV)\Via Piave, 3, 31016 Cordignano TV\https://www.aeo.it/punti-vendita/Veneto/svelto-aeo-cordignano\800 992 992\gio@pulsapublishing.it a@a.it\TV\
Caseificio Soc. Coop. Fontanafredda\Via Roma, 15, 31016 Cordignano TV\\\\TV\
Macelleria Eredi Covre Giorgio S.N.C.\Via Perosa, 16, 31010 Godega di Sant'Urbano TV\\0438 388273\\TV\
Dpi\Via Piave, 3, 31016 Cordignano TV\http://www.d-piu.com/\351 903 3671\\TV\
Salatin\Via Doge Alvise IV Mocenigo, 57, 31016 Cordignano TV\http://www.salatinvini.com/\0438 995928\popper.js@1.16.1\TV\
i Mirellini Panificio Talamini Cordignano\Via Roma, 50a, 31016 Cordignano TV\\0438 476863\\TV\
Balzan Fabio Srl\Via 30 Aprile 1945, 115, 31041 Cornuda TV\https://www.balzanfabio.com/\0423 83442\info@balzanfabio.com\TV\
Rosticceria Bolzonello di Bolzonello Luciana\Via Franzoia, 12, 31041 Cornuda TV\\0423 83605\\TV\
LA VALLE Bottega\Piazza Giovanni XXIII, 36, 31041 Cornuda TV\\0423 628626\\TV\
Bedin Wine - Societ Agricola Colli Asolani - Shop & Tasting Room\Via Monte Pasubio, 22, 31041 Cornuda TV\http://www.colliasolani.it/\0423 639411\info@colliasolani.it\TV\
Follador Srl\Via Antighe, 48, 31041 Cornuda TV\http://www.follador.net/\0423 839633\\TV\
Mercato settimanale\Piazza Giovanni XXIII, 42, 31041 Cornuda TV\\\\TV\
Azienda Agricola G&G de Bortoli\Via Antighe, 34, 31035 Nogare' TV\\0423 86546\\TV\
Generazionegusto5 Alessandro Baldin Crocetta del Montello\Via Erizzo, 15, 31035 Crocetta del Montello TV\\320 443 7779\\TV\
Ex Salumificio.\Via XXX Aprile, 31041 Cornuda TV\\\\TV\
Spaccio di sostanze e carni\Via Erizzo, 13, 31035 Crocetta del Montello TV\\\\TV\
Macelleria da Robert\Via del Sole, 31, 31010 Farra di Soligo TV\https://www.facebook.com/bortolin.robert/\0438 801328\\TV\
Supermercato Rosa Farra di soligo CRAI\Via Patrioti, 27, 31010 Farra di Soligo TV\http://www.rosasupermercati.it/\0438 801679\barbisano@rosasupermercati.it farra@rosasupermercati.it crocetta@rosasupermercati.it miane@rosasupermercati.it rosasolighetto@ama-crai.it info@rosasupermercati.it colsanmartino@rosasupermercati.it\TV\
Azienda Agricola Le Volpere - VITICOLTORI DI PENDIO -\Via Ugo Cecconi, 13, 31010 Farra di Soligo TV\https://www.levolpere.it/\0438 801204\gsap@3.12.5 info@levolpere.it\TV\
CANTINA RIVA GRANDA SOC.AG. S.S. Valdobbiadene Prosecco Superiore Winery\Via Canal Vecchio, 5A, 31010 Farra di Soligo TV\http://www.proseccorivagranda.it/\333 461 8684\INFO@PROSECCORIVAGRANDA.IT\TV\
Azienda agricola damuzzo luca\Via Canal Nuovo, 31010 Farra di Soligo TV\\346 513 5004\\TV\
Az. Agr. Bressan Daniele\Via S. Rocco, 18, 31010 Farra di Soligo TV\http://www.bressandaniele.it/\347 110 4124\info@bressandaniele.it INFO@BRESSANDANIELE.IT\TV\
Panificio Brustolin Cristiano\Via del Sole, 41, 31010 Farra di Soligo TV\http://www.brustolincristiano.it/\352 023 2807\info@brustolincristiano.it\TV\
Ristoro Collag - Le Rive de Nadal\V. Collag, 31010 Farra di Soligo TV\https://www.lerivedenadal.com/ristoro-collagu/\392 557 2288\ristoro@lerivedenadal.com\TV\
MACELLERIA\Via del Giardino, 1, 31010 Farra di Soligo TV\\\\TV\
Le Rive de Nadal\Via dei Cavai, 42, 31010 Farra di Soligo TV\http://www.lerivedenadal.com/\320 577 7661\\TV\
Macelleria Gastronomia Azienda Agricola Torresan\Via Giuseppe Mazzini, 5, 31040 Trevignano TV\https://www.salumitorresan.it/\342 104 9698\amministrazione@salumitorresan.it bootstrap-icons@1.11.3 info@salumitorresan.it\TV\
Colomberotto S.p.A.\Via Montegrappa, 6872, 31010 Moriago della Battaglia TV\https://www.colomberotto.it/\0438 892297\colomberottocert@pec.it\TV\
Vit Maurizio\Via Raboso, 7, 31010 Farra di Soligo TV\\0438 989853\\TV\
Az Agr Marotta e figli\Via dei Pr, 17, 31010 Farra di Soligo TV\\340 462 0649\\TV\
Bocon S.r.l.\Via Montello, 69, 31053 Pieve di Soligo TV\http://bocon.it/\0438 980130\\TV\
\Via Montello, 69, 31053 Pieve di Soligo TV\http://bocon.it/\0438 980130\\TV\Bocon S.r.l.
Azienda agricola De Meneghi Pierluigi\Via Montello, 69, 31053 Pieve di Soligo TV\http://bocon.it/\0438 980130\\TV\Bocon S.r.l.
Azienda Agricola Cal Monda\Via Montello, 69, 31053 Pieve di Soligo TV\http://bocon.it/\0438 980130\\TV\Bocon S.r.l.
Macelleria Casablanca\Via Roma, 17, 31051 Follina TV\\\\TV\
Supermercato Despar\Via Roma, 17, 31051 Follina TV\\\\TV\Macelleria Casablanca
Bindi Enzo shop Pecorino Salumi Porchetta dal 1972\Localit Il Borgo, 55, 53026 Pienza SI\http://www.bindienzopienza.com/\0578 748111\\SI\
Salumificio Chianti Salumi Srl\Localit Il Borgo, 55, 53026 Pienza SI\http://www.bindienzopienza.com/\0578 748111\\SI\Bindi Enzo shop Pecorino Salumi Porchetta dal 1972
La Sosta Dei Sapori\Localit Il Borgo, 55, 53026 Pienza SI\http://www.bindienzopienza.com/\0578 748111\\SI\Bindi Enzo shop Pecorino Salumi Porchetta dal 1972
Agricansiglio Societa' Agricola\Via Roma, 80, 31010 Fregona TV\https://www.agricansiglio.it/\0438 581837\info@latteriasoligo.it direzione@agricansiglio.it\TV\
Agricansiglio Societ Agricola Cooperativa\Via Roma, 80, 31010 Fregona TV\https://www.agricansiglio.it/\0438 581837\info@latteriasoligo.it direzione@agricansiglio.it\TV\Agricansiglio Societa' Agricola
La Forma del Gusto\Via Roma, 13, 31018 Gaiarine TV\http://www.laformadelgusto.it/\347 130 1147\\TV\
Macelleria da Roberto\Via Roma, 13, 31018 Gaiarine TV\http://www.laformadelgusto.it/\347 130 1147\\TV\La Forma del Gusto
In's\Via Roma, 13, 31018 Gaiarine TV\http://www.laformadelgusto.it/\347 130 1147\\TV\La Forma del Gusto
IPERSPAK di Giavera del Montello\Vicolo Don Gianni Scroccaro, 1, 31040 Giavera del Montello TV\http://www.spaksupermercati.it/\0422 775418\info@spaksupermercati.it\TV\
Nobili Terre Italiane\Vicolo Don Gianni Scroccaro, 1, 31040 Giavera del Montello TV\http://www.spaksupermercati.it/\0422 775418\info@spaksupermercati.it\TV\IPERSPAK di Giavera del Montello
Borlenghi Ingredienti SRL\Vicolo Don Gianni Scroccaro, 1, 31040 Giavera del Montello TV\http://www.spaksupermercati.it/\0422 775418\info@spaksupermercati.it\TV\IPERSPAK di Giavera del Montello
Mercato del Sabato\Vicolo Don Gianni Scroccaro, 1, 31040 Giavera del Montello TV\http://www.spaksupermercati.it/\0422 775418\info@spaksupermercati.it\TV\IPERSPAK di Giavera del Montello
Azienda Agricola Gava\Via Bosco, 38, 31010 Godega di Sant'Urbano TV\\348 731 3444\\TV\
Valsana Srl\Via Bosco, 38, 31010 Godega di Sant'Urbano TV\\348 731 3444\\TV\Azienda Agricola Gava
La Formaggeria da Carla\Via Bosco, 38, 31010 Godega di Sant'Urbano TV\\348 731 3444\\TV\Azienda Agricola Gava
Pollami Liliana S.R.L.\Via Bosco, 38, 31010 Godega di Sant'Urbano TV\\348 731 3444\\TV\Azienda Agricola Gava
Indian store A.&.K gorgo monticano\Via postumia, 31040 Gorgo al Monticano TV\\329 963 6843\\TV\
Azienda Agricola Bosco Del Corner Di Ceccutto & C. S.S.\Via postumia, 31040 Gorgo al Monticano TV\\329 963 6843\\TV\Indian store A.&.K gorgo monticano
Salumificio Marescutti Srl\Via postumia, 31040 Gorgo al Monticano TV\\329 963 6843\\TV\Indian store A.&.K gorgo monticano
Salumeria al Desco Prodotti Tipici Veneti\Sotto Il Salone, 13, 35122 Padova PD\http://www.salumeriaaldescocollesei.it/\049 654960\\PD\Sponsorizzato
Macelleria e Gastronomia Fabio Furlan\Sotto Il Salone, 13, 35122 Padova PD\http://www.salumeriaaldescocollesei.it/\049 654960\\PD\Sponsorizzato
Macelleria Cavallin di Cavallin Stefano\Sotto Il Salone, 13, 35122 Padova PD\http://www.salumeriaaldescocollesei.it/\049 654960\\PD\Sponsorizzato
Cinque Stelle Srl - Carni E Salumi\Sotto Il Salone, 13, 35122 Padova PD\http://www.salumeriaaldescocollesei.it/\049 654960\\PD\Sponsorizzato
Azienda Agricola Tre Comuni\Sotto Il Salone, 13, 35122 Padova PD\http://www.salumeriaaldescocollesei.it/\049 654960\\PD\Sponsorizzato
Postin Food\Sotto Il Salone, 13, 35122 Padova PD\http://www.salumeriaaldescocollesei.it/\049 654960\\PD\Sponsorizzato
Societ I Manti s.s\Sotto Il Salone, 13, 35122 Padova PD\http://www.salumeriaaldescocollesei.it/\049 654960\\PD\Sponsorizzato
Macelleria Pellizzari Carni dei Fratelli Pellizzari Snc\Via 1 Maggio, 32, 31037 Loria TV\\0423 198 1109\\TV\
Macelleria soc.agr.Pellizzari di Pellizzari Alessandro\Via 1 Maggio, 32, 31037 Loria TV\\0423 198 1109\\TV\Macelleria Pellizzari Carni dei Fratelli Pellizzari Snc
Azove Carni Loria\Via 1 Maggio, 32, 31037 Loria TV\\0423 198 1109\\TV\Macelleria Pellizzari Carni dei Fratelli Pellizzari Snc
Societa' Agricola Zanchetta F.lli\Via 1 Maggio, 32, 31037 Loria TV\\0423 198 1109\\TV\Macelleria Pellizzari Carni dei Fratelli Pellizzari Snc
Antico Salumificio Anzuini - Il Laboratorio & la Norcineria\Via 1 Maggio, 32, 31037 Loria TV\\0423 198 1109\\TV\Macelleria Pellizzari Carni dei Fratelli Pellizzari Snc
MACELLO Pellizzari Carni\Via 1 Maggio, 32, 31037 Loria TV\\0423 198 1109\\TV\Macelleria Pellizzari Carni dei Fratelli Pellizzari Snc
Fattoria della carne - Spaccio Carni\Via Sant' Antonio, 25B, 31010 Mareno di Piave TV\\333 987 6512\\TV\
Latteria Di Soligo Spaccio Mareno\Via Sant' Antonio, 25B, 31010 Mareno di Piave TV\\333 987 6512\\TV\Fattoria della carne - Spaccio Carni
Mio Market - Supermercato Crai\Via Sant' Antonio, 25B, 31010 Mareno di Piave TV\\333 987 6512\\TV\Fattoria della carne - Spaccio Carni
LA CARNE SNC Macelleria & Gastronomia\Via Sant' Antonio, 25B, 31010 Mareno di Piave TV\\333 987 6512\\TV\Fattoria della carne - Spaccio Carni
Rama\Via Sant' Antonio, 25B, 31010 Mareno di Piave TV\\333 987 6512\\TV\Fattoria della carne - Spaccio Carni
La Becaria di Granzotto Mirco\Via Sant' Antonio, 25B, 31010 Mareno di Piave TV\\333 987 6512\\TV\Fattoria della carne - Spaccio Carni
Societ Agricola C Baradei s.s.\Via Sant' Antonio, 25B, 31010 Mareno di Piave TV\\333 987 6512\\TV\Fattoria della carne - Spaccio Carni
Maser Formaggi Basso Sebastiano Srl\Via Vittime del Vajont, 21, 31031 Caerano di San Marco TV\http://www.maserformaggi.com/\0423 923075\\TV\
Agricola COSTA DEL SOL\Via Vittime del Vajont, 21, 31031 Caerano di San Marco TV\http://www.maserformaggi.com/\0423 923075\\TV\Maser Formaggi Basso Sebastiano Srl
I Salumi Del Divin\Via Vittime del Vajont, 21, 31031 Caerano di San Marco TV\http://www.maserformaggi.com/\0423 923075\\TV\Maser Formaggi Basso Sebastiano Srl
Azienda Agricola Croce d'Oro\Via Vittime del Vajont, 21, 31031 Caerano di San Marco TV\http://www.maserformaggi.com/\0423 923075\\TV\Maser Formaggi Basso Sebastiano Srl
Macelleria da pierino\Viale Caccianiga, 64, 31052 Maserada sul Piave TV\\\\TV\
Gastronomia Fontebasso S.R.L.\Viale Caccianiga, 64, 31052 Maserada sul Piave TV\\\\TV\Macelleria da pierino
Bellotto Carni S.r.l.\Viale Caccianiga, 64, 31052 Maserada sul Piave TV\\\\TV\Macelleria da pierino
SuperVisotto Maserada sul Piave\Viale Caccianiga, 64, 31052 Maserada sul Piave TV\\\\TV\Macelleria da pierino
Latteria Montelliana S.n.c.\Viale Caccianiga, 64, 31052 Maserada sul Piave TV\\\\TV\Macelleria da pierino
Az.agr.Mosole\Viale Caccianiga, 64, 31052 Maserada sul Piave TV\\\\TV\Macelleria da pierino
Al supermercati - Maserada sul Piave\Viale Caccianiga, 64, 31052 Maserada sul Piave TV\\\\TV\Macelleria da pierino
Azienda Agricola Buosi\Viale Caccianiga, 64, 31052 Maserada sul Piave TV\\\\TV\Macelleria da pierino
Fattoria Curto - Az. agricola - Storica Latteria di Miane\Via S. Vito, 50, 31050 Miane TV\http://www.fattoriacurto.it/\0438 893565\info@fattoriacurto.it\TV\
Macelleria Morona Mario\Via S. Vito, 50, 31050 Miane TV\http://www.fattoriacurto.it/\0438 893565\info@fattoriacurto.it\TV\Fattoria Curto - Az. agricola - Storica Latteria di Miane
Azienda agricola ARISTEA\Via S. Vito, 50, 31050 Miane TV\http://www.fattoriacurto.it/\0438 893565\info@fattoriacurto.it\TV\Fattoria Curto - Az. agricola - Storica Latteria di Miane
Macelleria Olme S.A.S.\Via Olme, 25, 31021 Mogliano Veneto TV\\041 455440\\TV\
Macelleria Da Lollo\Via Olme, 25, 31021 Mogliano Veneto TV\\041 455440\\TV\Macelleria Olme S.A.S.
Macellerie Ragazzo S.N.C.\Via Olme, 25, 31021 Mogliano Veneto TV\\041 455440\\TV\Macelleria Olme S.A.S.
Macelleria da Pier\Via Olme, 25, 31021 Mogliano Veneto TV\\041 455440\\TV\Macelleria Olme S.A.S.
La Calabrese\Via Olme, 25, 31021 Mogliano Veneto TV\\041 455440\\TV\Macelleria Olme S.A.S.
Macelleria La Nostrana Carni di Michielan F. & C. Sas\Via Olme, 25, 31021 Mogliano Veneto TV\\041 455440\\TV\Macelleria Olme S.A.S.
Macelleria Pavanetto\Via Roma, 64, 31050 Monastier di Treviso TV\\0422 798456\\TV\
Latteria Turnaria Azzolin\Via Roma, 64, 31050 Monastier di Treviso TV\\0422 798456\\TV\Macelleria Pavanetto
Crai Monastier\Via Roma, 64, 31050 Monastier di Treviso TV\\0422 798456\\TV\Macelleria Pavanetto
Trattoria Da Bosa\Via Roma, 64, 31050 Monastier di Treviso TV\\0422 798456\\TV\Macelleria Pavanetto
Azienda Agricola Pandolfo\Via Farnea, 31, 31010 Monfumo TV\\349 492 8123\\TV\
Agriturismo Al Capitello - Ghisolana\Via Farnea, 31, 31010 Monfumo TV\\349 492 8123\\TV\Azienda Agricola Pandolfo
Dall'Armi Luciano Osteria\Via Farnea, 31, 31010 Monfumo TV\\349 492 8123\\TV\Azienda Agricola Pandolfo
Macelleria Favaro\Via Roma, 17, 31050 Morgano TV\\0422 739750\\TV\
Morganline\Via Roma, 17, 31050 Morgano TV\\0422 739750\\TV\Macelleria Favaro
Morgan Sas\Via Roma, 17, 31050 Morgano TV\\0422 739750\\TV\Macelleria Favaro
Spaccio Salumificio Morgante\Via Roma, 17, 31050 Morgano TV\\0422 739750\\TV\Macelleria Favaro
La Bottega Morgan Market - ELFBAR Partner Lost Mary\Via Brigata Mantova, 50, 31010 Moriago della Battaglia TV\\0438 892029\\TV\
Panificio Collanega di Collanega Angelo Riccardo\Via Brigata Mantova, 50, 31010 Moriago della Battaglia TV\\0438 892029\\TV\La Bottega Morgan Market - ELFBAR Partner Lost Mary
Colomberotto Bruno\Via Brigata Mantova, 50, 31010 Moriago della Battaglia TV\\0438 892029\\TV\La Bottega Morgan Market - ELFBAR Partner Lost Mary
Societ Agricola Della Rocca S.P.A.\Via Brigata Mantova, 50, 31010 Moriago della Battaglia TV\\0438 892029\\TV\La Bottega Morgan Market - ELFBAR Partner Lost Mary
Antica Macelleria Andrighetto Snc\Via Argine A Destra, 2, 31045 Motta di Livenza TV\\0422 768707\\TV\
Macelleria Lucon Rudi\Via Argine A Destra, 2, 31045 Motta di Livenza TV\\0422 768707\\TV\Antica Macelleria Andrighetto Snc
Ins Motta di livenza\Via Argine A Destra, 2, 31045 Motta di Livenza TV\\0422 768707\\TV\Antica Macelleria Andrighetto Snc
Ciao bello\Via Argine A Destra, 2, 31045 Motta di Livenza TV\\0422 768707\\TV\Antica Macelleria Andrighetto Snc
IperVisotto Motta di Livenza\Via Argine A Destra, 2, 31045 Motta di Livenza TV\\0422 768707\\TV\Antica Macelleria Andrighetto Snc
Latteria e Caseificio Moro S.r.l.\Via Argine A Destra, 2, 31045 Motta di Livenza TV\\0422 768707\\TV\Antica Macelleria Andrighetto Snc
Supermercato Eurospar Motta di Liv.\Via Argine A Destra, 2, 31045 Motta di Livenza TV\\0422 768707\\TV\Antica Macelleria Andrighetto Snc
Cantina Bergamo Vini & Bottega veneta Vidis\Via Argine A Destra, 2, 31045 Motta di Livenza TV\\0422 768707\\TV\Antica Macelleria Andrighetto Snc
Il Pane di Giulia\Via Argine A Destra, 2, 31045 Motta di Livenza TV\\0422 768707\\TV\Antica Macelleria Andrighetto Snc
Sandri Spa\Via Madonnetta, 7A, 31040 Nervesa della Battaglia TV\https://www.scsspa.it/chi-siamo/\0422 880770\\TV\
Pam MET Supermercato\Via Madonnetta, 7A, 31040 Nervesa della Battaglia TV\https://www.scsspa.it/chi-siamo/\0422 880770\\TV\Sandri Spa
Azienda Agricola FIOROTTO\Via Madonnetta, 7A, 31040 Nervesa della Battaglia TV\https://www.scsspa.it/chi-siamo/\0422 880770\\TV\Sandri Spa
Marzaro Gianni Panificio Pasticceria\Via Madonnetta, 7A, 31040 Nervesa della Battaglia TV\https://www.scsspa.it/chi-siamo/\0422 880770\\TV\Sandri Spa
Dorsale Azienda Agricola\Via Madonnetta, 7A, 31040 Nervesa della Battaglia TV\https://www.scsspa.it/chi-siamo/\0422 880770\\TV\Sandri Spa
Serafini & Vidotto\Via Madonnetta, 7A, 31040 Nervesa della Battaglia TV\https://www.scsspa.it/chi-siamo/\0422 880770\\TV\Sandri Spa
Gse Michielon Giorgio\Via Gaetano Donizetti, 2, 31046 Oderzo TV\\0422 815415\\TV\
Moro The Food Store - Oderzo\Via Gaetano Donizetti, 2, 31046 Oderzo TV\\0422 815415\\TV\Gse Michielon Giorgio
Al Vecchio Mulino - Gastronomia\Via Gaetano Donizetti, 2, 31046 Oderzo TV\\0422 815415\\TV\Gse Michielon Giorgio
CC Cash and Carry Oderzo\Via Gaetano Donizetti, 2, 31046 Oderzo TV\\0422 815415\\TV\Gse Michielon Giorgio
Fresco & Vario\Via Gaetano Donizetti, 2, 31046 Oderzo TV\\0422 815415\\TV\Gse Michielon Giorgio
IperVisotto Oderzo\Via Gaetano Donizetti, 2, 31046 Oderzo TV\\0422 815415\\TV\Gse Michielon Giorgio
Macelleria Dal Cin di Pianca Luisa\Via Stadio, 10, 31024 Ormelle TV\\0422 745024\\TV\
Caseificio Lia dei f.lli Barattin\Via Stadio, 10, 31024 Ormelle TV\\0422 745024\\TV\Macelleria Dal Cin di Pianca Luisa
Macelleria Dam Diego\Piazza Unit D'Italia, 5, 31010 Orsago TV\https://macelleriadamdiego.weebly.com/\0438 990340\\TV\
Macelleria Dal Cin Tranquillo S.n.c. di Dal Cin Guido e Merj\Piazza Unit D'Italia, 5, 31010 Orsago TV\https://macelleriadamdiego.weebly.com/\0438 990340\\TV\Macelleria Dam Diego
Salumificio Cornicchia Srl\Via Sputnik, 2, 06073 Corciano PG\http://www.cornicchia.it/\075 517 8143\\PG\
Sa.So Salumificio Soranese Srl\Via Sputnik, 2, 06073 Corciano PG\http://www.cornicchia.it/\075 517 8143\\PG\Salumificio Cornicchia Srl
Salumeria di Monte San Savino\Via Sputnik, 2, 06073 Corciano PG\http://www.cornicchia.it/\075 517 8143\\PG\Salumificio Cornicchia Srl
Macelleria Ricci Marco\Via Sputnik, 2, 06073 Corciano PG\http://www.cornicchia.it/\075 517 8143\\PG\Salumificio Cornicchia Srl
B.D.L. di Bonato Roger & C. Snc\Via Feltrina, 9A, 31040 Pederobba TV\http://www.macelleriabdl.com/\0423 86261\\TV\
Azienda agricola Favero\Via XXIV Maggio, 11c, 31017 Crespano del Grappa TV\\\\TV\
Macelleria salumeria Michelet Mirco\Via XXIV Maggio, 11c, 31017 Crespano del Grappa TV\\\\TV\Azienda agricola Favero
Morosin Paolo\Via XXIV Maggio, 11c, 31017 Crespano del Grappa TV\\\\TV\Azienda agricola Favero
Cooperativa Agricola Volpago Soc.Coop. A R.L.\Via XXIV Maggio, 11c, 31017 Crespano del Grappa TV\\\\TV\Azienda agricola Favero
Michelet Fabio & csnc\Via XXIV Maggio, 11c, 31017 Crespano del Grappa TV\\\\TV\Azienda agricola Favero
Caseificio Montegrappa\Via XXIV Maggio, 11c, 31017 Crespano del Grappa TV\\\\TV\Azienda agricola Favero
Antica Macelleria dal 1947\Via Lamberto Chisini, 12, 31053 Pieve di Soligo TV\\0438 82104\\TV\
Macelleria bazar marrakech\Via Lamberto Chisini, 12, 31053 Pieve di Soligo TV\\0438 82104\\TV\Antica Macelleria dal 1947
Collodet Specialita Alimentari Snc Di Collodet\Via Lamberto Chisini, 12, 31053 Pieve di Soligo TV\\0438 82104\\TV\Antica Macelleria dal 1947
IperVisotto Pieve di Soligo\Via Lamberto Chisini, 12, 31053 Pieve di Soligo TV\\0438 82104\\TV\Antica Macelleria dal 1947
Porca Vacca\Via Jesolo, 14, 31047 Ponte di Piave TV\\347 529 0233\\TV\
La Boutique Della Carne Di Zottarel Alberto\Via Jesolo, 14, 31047 Ponte di Piave TV\\347 529 0233\\TV\Porca Vacca
SuperVisotto Ponte di Piave\Via Jesolo, 14, 31047 Ponte di Piave TV\\347 529 0233\\TV\Porca Vacca
Al supermercati - Ponte di Piave\Via Jesolo, 14, 31047 Ponte di Piave TV\\347 529 0233\\TV\Porca Vacca
Salumificio Bignami\Via Jesolo, 14, 31047 Ponte di Piave TV\\347 529 0233\\TV\Porca Vacca
Azienda Agricola Gatti Carolina\Via Jesolo, 14, 31047 Ponte di Piave TV\\347 529 0233\\TV\Porca Vacca
Pizzeria Sottoriva (Ponte di Piave)\Via Jesolo, 14, 31047 Ponte di Piave TV\\347 529 0233\\TV\Porca Vacca
MINI-PUNJAB\Via Jesolo, 14, 31047 Ponte di Piave TV\\347 529 0233\\TV\Porca Vacca
MiniMarket Di Ouafiq\Via Jesolo, 14, 31047 Ponte di Piave TV\\347 529 0233\\TV\Porca Vacca
Pizzeria Ristorante Plavis di Venturato Emanuela\Via Jesolo, 14, 31047 Ponte di Piave TV\\347 529 0233\\TV\Porca Vacca
Macelleria Disegna\Piazza Chiesa Merlengo, 19, 31050 Ponzano Veneto TV\https://www.facebook.com/macelleriadisegna\0422 969042\\TV\
Market Campiello Sas Di Furlan G. & C.\Viale Margherita, 4, 31040 Portobuffol TV\\0422 850501\\TV\
Pizzeria Trattoria Olivi\Via Olivi, 22, 31054 Possagno TV\https://www.pizzeriatrattoriaolivi.com/\0423 544716\\TV\
Salumificio del Po\Via Olivi, 22, 31054 Possagno TV\https://www.pizzeriatrattoriaolivi.com/\0423 544716\\TV\Pizzeria Trattoria Olivi
Salumificio Magnoni - S.r.l.\Via Olivi, 22, 31054 Possagno TV\https://www.pizzeriatrattoriaolivi.com/\0423 544716\\TV\Pizzeria Trattoria Olivi
Salumificio C.I.S.\Via Olivi, 22, 31054 Possagno TV\https://www.pizzeriatrattoriaolivi.com/\0423 544716\\TV\Pizzeria Trattoria Olivi
Nuovo Salumificio San Martino\Via Olivi, 22, 31054 Possagno TV\https://www.pizzeriatrattoriaolivi.com/\0423 544716\\TV\Pizzeria Trattoria Olivi
Macelleria Brotto Giuseppe\Via Olivi, 22, 31054 Possagno TV\https://www.pizzeriatrattoriaolivi.com/\0423 544716\\TV\Pizzeria Trattoria Olivi
Perinon Carni\Via Roma, 38b, 37064 Povegliano Veronese VR\http://www.perinoncarni.it/\045 797 0522\info@perinoncarni.it perinonsrl@pec.it\VR\
Zanon Adriano\Via Roma, 38b, 37064 Povegliano Veronese VR\http://www.perinoncarni.it/\045 797 0522\info@perinoncarni.it perinonsrl@pec.it\VR\Perinon Carni
Salumifici GranTerre\Via Roma, 38b, 37064 Povegliano Veronese VR\http://www.perinoncarni.it/\045 797 0522\info@perinoncarni.it perinonsrl@pec.it\VR\Perinon Carni
Macelleria Al borgo di F.lli ZANETTI S.N.C.\Via Gorizia, 22B, 31022 Preganziol TV\\373 759 9731\\TV\
Macelleria Rizzato Andrea\Via Gorizia, 22B, 31022 Preganziol TV\\373 759 9731\\TV\Macelleria Al borgo di F.lli ZANETTI S.N.C.
Sapori d'Italia\Via Gorizia, 22B, 31022 Preganziol TV\\373 759 9731\\TV\Macelleria Al borgo di F.lli ZANETTI S.N.C.
Gastronomia Colesso\Via Contea, 54, 31055 Quinto di Treviso TV\\0422 370549\\TV\
Macelleria Gomiero Orfeo\Via Contea, 54, 31055 Quinto di Treviso TV\\0422 370549\\TV\Gastronomia Colesso
Macelleria Roberto di Favaro Francesca & C. SNC\Via Contea, 54, 31055 Quinto di Treviso TV\\0422 370549\\TV\Gastronomia Colesso
Macelleria Favaro di Favaro E. & C. Snc\Via Contea, 54, 31055 Quinto di Treviso TV\\0422 370549\\TV\Gastronomia Colesso
Buona Compagnia Gourmet S.p.A.\Via Contea, 54, 31055 Quinto di Treviso TV\\0422 370549\\TV\Gastronomia Colesso
Macelleria D'Altoe' Roberto\Via Corradini, 1, 31020 Refrontolo TV\http://www.macelleriadaltoe.com/\0438 978010\info@macelleriadaltoe.com\TV\
Azienda Agricola Boscheratto Maria\Via Corradini, 1, 31020 Refrontolo TV\http://www.macelleriadaltoe.com/\0438 978010\info@macelleriadaltoe.com\TV\Macelleria D'Altoe' Roberto
Prosecco Toffoli\Via Corradini, 1, 31020 Refrontolo TV\http://www.macelleriadaltoe.com/\0438 978010\info@macelleriadaltoe.com\TV\Macelleria D'Altoe' Roberto
Liessi Col del Mon\Via Corradini, 1, 31020 Refrontolo TV\http://www.macelleriadaltoe.com/\0438 978010\info@macelleriadaltoe.com\TV\Macelleria D'Altoe' Roberto
Europe Meat\Via Roma, 13, 31023 Resana TV\https://www.europemeatinternational.it/\0423 719155\info@europemeatinternational.it\TV\
Ethnic market & Macelleria Halal\Via Roma, 13, 31023 Resana TV\https://www.europemeatinternational.it/\0423 719155\info@europemeatinternational.it\TV\Europe Meat
Roberto Candiotto - Formaggi e Salumi dal 1959\Via Roma, 13, 31023 Resana TV\https://www.europemeatinternational.it/\0423 719155\info@europemeatinternational.it\TV\Europe Meat
CRAI Resana\Via Roma, 13, 31023 Resana TV\https://www.europemeatinternational.it/\0423 719155\info@europemeatinternational.it\TV\Europe Meat
Bottega Carni (S.N.C.)\Via Roma, 15, 31020 Revine Lago TV\\0438 583431\\TV\
Grava Franco\Via Roma, 15, 31020 Revine Lago TV\\0438 583431\\TV\Bottega Carni (S.N.C.)
Salumi Pretone\Via Roma, 15, 31020 Revine Lago TV\\0438 583431\\TV\Bottega Carni (S.N.C.)
SVELTO A&O\Via Roma, 15, 31020 Revine Lago TV\\0438 583431\\TV\Bottega Carni (S.N.C.)
Macelleria Gastronomia Cirotto\Via Castellana, 21, 31039 Riese Pio X TV\http://www.cirottofood.com/\0423 454175\info@cirottofood.com\TV\
Alper supermercati - Riese Pio X\Via Castellana, 21, 31039 Riese Pio X TV\http://www.cirottofood.com/\0423 454175\info@cirottofood.com\TV\Macelleria Gastronomia Cirotto
Macelleria Di Guidolin Armando\Via Castellana, 21, 31039 Riese Pio X TV\http://www.cirottofood.com/\0423 454175\info@cirottofood.com\TV\Macelleria Gastronomia Cirotto
Panificio Pasticceria Sfornati d'arte\Via Castellana, 21, 31039 Riese Pio X TV\http://www.cirottofood.com/\0423 454175\info@cirottofood.com\TV\Macelleria Gastronomia Cirotto
Macelleria Nadal Srl\Via della Repubblica, 21, 31040 Salgareda TV\https://www.macellerianadal.it/\0422 747063\info@macellerianadal.it\TV\
Gottardi Denis - Gastronomia\Via della Repubblica, 21, 31040 Salgareda TV\https://www.macellerianadal.it/\0422 747063\info@macellerianadal.it\TV\Macelleria Nadal Srl
Azienda Agricola Le Ave\Via della Repubblica, 21, 31040 Salgareda TV\https://www.macellerianadal.it/\0422 747063\info@macellerianadal.it\TV\Macelleria Nadal Srl
Macelleria Sartori\Via Postumia Centro, 103, 31048 San Biagio di Callalta TV\https://www.macelleriasartori.it/\0422 895211\\TV\
Salumi Grufa\Via Postumia Centro, 103, 31048 San Biagio di Callalta TV\https://www.macelleriasartori.it/\0422 895211\\TV\Macelleria Sartori
CRAI - Polimarket - Elfbar Partner\Via Postumia Centro, 103, 31048 San Biagio di Callalta TV\https://www.macelleriasartori.it/\0422 895211\\TV\Macelleria Sartori
Macelleria Crosato Snc di Crosato Sergio e Tullio\Via Postumia Centro, 103, 31048 San Biagio di Callalta TV\https://www.macelleriasartori.it/\0422 895211\\TV\Macelleria Sartori
AnticaFormula\Via Postumia Centro, 103, 31048 San Biagio di Callalta TV\https://www.macelleriasartori.it/\0422 895211\\TV\Macelleria Sartori
Macello e Macelleria Zambon F.lli\Via Cal Larga, 18, 31020 San Fior di Sotto TV\https://www.zambonflli.it/\335 527 3490\bootstrap@5.3.2 bootstrap-icons@1.10.5 core@2.11.8 info@zambonflli.it slick-carousel@1.8.1 lenis@1.1.14 ui@4.0.31\TV\
Autogrill Montepulciano Est\Via Cal Larga, 18, 31020 San Fior di Sotto TV\https://www.zambonflli.it/\335 527 3490\bootstrap@5.3.2 bootstrap-icons@1.10.5 core@2.11.8 info@zambonflli.it slick-carousel@1.8.1 lenis@1.1.14 ui@4.0.31\TV\Macello e Macelleria Zambon F.lli
Zambon Fabrizio\Via Cal Larga, 18, 31020 San Fior di Sotto TV\https://www.zambonflli.it/\335 527 3490\bootstrap@5.3.2 bootstrap-icons@1.10.5 core@2.11.8 info@zambonflli.it slick-carousel@1.8.1 lenis@1.1.14 ui@4.0.31\TV\Macello e Macelleria Zambon F.lli
Latteria Di Roverbasso\Via Cal Larga, 18, 31020 San Fior di Sotto TV\https://www.zambonflli.it/\335 527 3490\bootstrap@5.3.2 bootstrap-icons@1.10.5 core@2.11.8 info@zambonflli.it slick-carousel@1.8.1 lenis@1.1.14 ui@4.0.31\TV\Macello e Macelleria Zambon F.lli
Macelleria Saccon Luca\Via Cal Larga, 18, 31020 San Fior di Sotto TV\https://www.zambonflli.it/\335 527 3490\bootstrap@5.3.2 bootstrap-icons@1.10.5 core@2.11.8 info@zambonflli.it slick-carousel@1.8.1 lenis@1.1.14 ui@4.0.31\TV\Macello e Macelleria Zambon F.lli
Avenatti\Via Circonvallazione, 5, 10080 Feletto TO\http://www.salumificioavenatti.it/\0124 490754\\TO\
Salumificio San Pietro\Via Circonvallazione, 5, 10080 Feletto TO\http://www.salumificioavenatti.it/\0124 490754\\TO\Avenatti
Prosecco Il Colle Wine\Via Circonvallazione, 5, 10080 Feletto TO\http://www.salumificioavenatti.it/\0124 490754\\TO\Avenatti
Eurocom S.R.L.\Via Circonvallazione, 5, 10080 Feletto TO\http://www.salumificioavenatti.it/\0124 490754\\TO\Avenatti
Salumificio Magrotti Srl\Via Circonvallazione, 5, 10080 Feletto TO\http://www.salumificioavenatti.it/\0124 490754\\TO\Avenatti
Salumificio Vallelanda\Via Circonvallazione, 5, 10080 Feletto TO\http://www.salumificioavenatti.it/\0124 490754\\TO\Avenatti
Salumificio Valpa Snc\Via Circonvallazione, 5, 10080 Feletto TO\http://www.salumificioavenatti.it/\0124 490754\\TO\Avenatti
Salumificio Colli\Via Fratta, 10A, 42020 San Polo d'Enza RE\http://www.salumificiocolli.it/\0522 873574\salumificiocolli@legalmail.it info@salumificiocolli.it yourname@example.org\RE\
Savi Salumi srl\Via Fratta, 10A, 42020 San Polo d'Enza RE\http://www.salumificiocolli.it/\0522 873574\salumificiocolli@legalmail.it info@salumificiocolli.it yourname@example.org\RE\Salumificio Colli
Salumificio S. Paolo Srl\Via Fratta, 10A, 42020 San Polo d'Enza RE\http://www.salumificiocolli.it/\0522 873574\salumificiocolli@legalmail.it info@salumificiocolli.it yourname@example.org\RE\Salumificio Colli
SALUMIFICIO MARAZZI S.r.l.\Via Fratta, 10A, 42020 San Polo d'Enza RE\http://www.salumificiocolli.it/\0522 873574\salumificiocolli@legalmail.it info@salumificiocolli.it yourname@example.org\RE\Salumificio Colli
Segato Carmelo Alimentari A&O\Via Fratta, 10A, 42020 San Polo d'Enza RE\http://www.salumificiocolli.it/\0522 873574\salumificiocolli@legalmail.it info@salumificiocolli.it yourname@example.org\RE\Salumificio Colli
SuperVisotto San Polo di Piave\Via Fratta, 10A, 42020 San Polo d'Enza RE\http://www.salumificiocolli.it/\0522 873574\salumificiocolli@legalmail.it info@salumificiocolli.it yourname@example.org\RE\Salumificio Colli
Vettorello\Via Fratta, 10A, 42020 San Polo d'Enza RE\http://www.salumificiocolli.it/\0522 873574\salumificiocolli@legalmail.it info@salumificiocolli.it yourname@example.org\RE\Salumificio Colli
Fantuzzi Formaggi sas\Via Fratta, 10A, 42020 San Polo d'Enza RE\http://www.salumificiocolli.it/\0522 873574\salumificiocolli@legalmail.it info@salumificiocolli.it yourname@example.org\RE\Salumificio Colli
Azienda agricola Dario Luigina\Vicolo S. Felice, 11, 31020 San Vendemiano TV\https://www.pplveneto.it/aziende-partecipanti/treviso/dario-luigina/\0438 777728\luiginagabriella@gmail.com\TV\
Centrocarni Da Ros (S.N.C.)\Vicolo S. Felice, 11, 31020 San Vendemiano TV\https://www.pplveneto.it/aziende-partecipanti/treviso/dario-luigina/\0438 777728\luiginagabriella@gmail.com\TV\Azienda agricola Dario Luigina
Scott superstore\Vicolo S. Felice, 11, 31020 San Vendemiano TV\https://www.pplveneto.it/aziende-partecipanti/treviso/dario-luigina/\0438 777728\luiginagabriella@gmail.com\TV\Azienda agricola Dario Luigina
Antichi Sapori di Laura e Luciano\Vicolo S. Felice, 11, 31020 San Vendemiano TV\https://www.pplveneto.it/aziende-partecipanti/treviso/dario-luigina/\0438 777728\luiginagabriella@gmail.com\TV\Azienda agricola Dario Luigina
CC Cash and Carry San Vendemiano\Vicolo S. Felice, 11, 31020 San Vendemiano TV\https://www.pplveneto.it/aziende-partecipanti/treviso/dario-luigina/\0438 777728\luiginagabriella@gmail.com\TV\Azienda agricola Dario Luigina
Supermercato Famila San Vendemiano\Vicolo S. Felice, 11, 31020 San Vendemiano TV\https://www.pplveneto.it/aziende-partecipanti/treviso/dario-luigina/\0438 777728\luiginagabriella@gmail.com\TV\Azienda agricola Dario Luigina
M. Guarnieri S.P.A.U.S.\Vicolo S. Felice, 11, 31020 San Vendemiano TV\https://www.pplveneto.it/aziende-partecipanti/treviso/dario-luigina/\0438 777728\luiginagabriella@gmail.com\TV\Azienda agricola Dario Luigina
Al Buon Taglio Macelleria E Gastronomia\Via G. Marconi, 70, 31020 San Zenone degli Ezzelini TV\\0423 715479\\TV\
Spaccio agricolo Gusatto\Via G. Marconi, 70, 31020 San Zenone degli Ezzelini TV\\0423 715479\\TV\Al Buon Taglio Macelleria E Gastronomia
Azienda Agricola Monteverde Di Colasurdo Antonio & C. (S.A.S.)\Via G. Marconi, 70, 31020 San Zenone degli Ezzelini TV\\0423 715479\\TV\Al Buon Taglio Macelleria E Gastronomia
Sanzenonen Degli Ezzellini, Via G.Marconi, 72 (TV)\Via G. Marconi, 70, 31020 San Zenone degli Ezzelini TV\\0423 715479\\TV\Al Buon Taglio Macelleria E Gastronomia
Dpi Supermercato S.Zenone\Via G. Marconi, 70, 31020 San Zenone degli Ezzelini TV\\0423 715479\\TV\Al Buon Taglio Macelleria E Gastronomia
Vecchio Forno Pellizzari - San Zenone degli Ezzelini\Via G. Marconi, 70, 31020 San Zenone degli Ezzelini TV\\0423 715479\\TV\Al Buon Taglio Macelleria E Gastronomia
Zilio S.r.l.\Via G. Marconi, 70, 31020 San Zenone degli Ezzelini TV\\0423 715479\\TV\Al Buon Taglio Macelleria E Gastronomia
Agriturismo al Portego\Via G. Marconi, 70, 31020 San Zenone degli Ezzelini TV\\0423 715479\\TV\Al Buon Taglio Macelleria E Gastronomia
Tiziano Carni & Gastronomia\Via Martiri Liberta', 48, 31025 Santa Lucia di Piave TV\\335 131 2600\\TV\
Capponi R. & Spolaor O. srl\Via Martiri Liberta', 48, 31025 Santa Lucia di Piave TV\\335 131 2600\\TV\Tiziano Carni & Gastronomia
Macelleria Da Michele S.N.C. Di De Zan Michele & C.\Via Martiri Liberta', 48, 31025 Santa Lucia di Piave TV\\335 131 2600\\TV\Tiziano Carni & Gastronomia
SuperVisotto Santa Lucia di Piave\Via Martiri Liberta', 48, 31025 Santa Lucia di Piave TV\\335 131 2600\\TV\Tiziano Carni & Gastronomia
L'angolo S.r.l. CRAI\Via Martiri Liberta', 48, 31025 Santa Lucia di Piave TV\\335 131 2600\\TV\Tiziano Carni & Gastronomia
Azienda Agricola La Friga\Via Soccosta, 23, 31026 Sarmede TV\\335 790 7583\\TV\
Azienda Agricola Angelo Da Ros\Via Soccosta, 23, 31026 Sarmede TV\\335 790 7583\\TV\Azienda Agricola La Friga
Azienda Agricola Stramare Dario e Saverio CASEIFICIO AZIENDALE\Via S. Rocco, 51, 31040 Segusino TV\https://www.caseificiostramare.com/contatti/\347 005 3193\\TV\
CRAI Segusino\Via S. Rocco, 51, 31040 Segusino TV\https://www.caseificiostramare.com/contatti/\347 005 3193\\TV\Azienda Agricola Stramare Dario e Saverio CASEIFICIO AZIENDALE
Le delizie di Anita\Via S. Rocco, 51, 31040 Segusino TV\https://www.caseificiostramare.com/contatti/\347 005 3193\\TV\Azienda Agricola Stramare Dario e Saverio CASEIFICIO AZIENDALE
Malga Molvine Binot\Via S. Rocco, 51, 31040 Segusino TV\https://www.caseificiostramare.com/contatti/\347 005 3193\\TV\Azienda Agricola Stramare Dario e Saverio CASEIFICIO AZIENDALE
Minute Bianca\Via S. Rocco, 51, 31040 Segusino TV\https://www.caseificiostramare.com/contatti/\347 005 3193\\TV\Azienda Agricola Stramare Dario e Saverio CASEIFICIO AZIENDALE
Macelleria Gastronomia Camilli\Via G. Marconi, 1, 31020 Sernaglia della Battaglia TV\\0438 966647\\TV\
La.Latteria\Via G. Marconi, 1, 31020 Sernaglia della Battaglia TV\\0438 966647\\TV\Macelleria Gastronomia Camilli
La Bottega Simply da Romeo\Via G. Marconi, 1, 31020 Sernaglia della Battaglia TV\\0438 966647\\TV\Macelleria Gastronomia Camilli
Tonon Valerio\Via G. Marconi, 1, 31020 Sernaglia della Battaglia TV\\0438 966647\\TV\Macelleria Gastronomia Camilli
Mini Market\Via G. Marconi, 1, 31020 Sernaglia della Battaglia TV\\0438 966647\\TV\Macelleria Gastronomia Camilli
Macelleria da Massimo di Cervi M. & C. Sas\Via Trento, 15D, 31027 Spresiano TV\https://www.macelleriadamassimo.eu/\0422 725393\\TV\
Azienda Agricola Zago Flavia\Via Trento, 15D, 31027 Spresiano TV\https://www.macelleriadamassimo.eu/\0422 725393\\TV\Macelleria da Massimo di Cervi M. & C. Sas
Macelleria da Tiziano\Via Nazionale, 41, 31058 Susegana TV\http://www.macelleriadatiziano.it/\0438 181 0173\macelleriadatiziano@hotmail.it\TV\
Macelleria Argana Halal\Via Nazionale, 41, 31058 Susegana TV\http://www.macelleriadatiziano.it/\0438 181 0173\macelleriadatiziano@hotmail.it\TV\Macelleria da Tiziano
MAJID 5S\Via Nazionale, 41, 31058 Susegana TV\http://www.macelleriadatiziano.it/\0438 181 0173\macelleriadatiziano@hotmail.it\TV\Macelleria da Tiziano
Zanetti Donata\Via Ruio, 2, 31020 Tarzo TV\https://alimentaritarzo.it/\0438 586231\\TV\
Azienda agricola Della Bella Franco\Via Ruio, 2, 31020 Tarzo TV\https://alimentaritarzo.it/\0438 586231\\TV\Zanetti Donata
Macelleria Carolini Snc Di Carolini A. E G.\Via IV Novembre, 6, 00069 Trevignano Romano RM\\06 999 9255\\RM\
Forno Stefanelli Bont Dolci e Salate\Via IV Novembre, 6, 00069 Trevignano Romano RM\\06 999 9255\\RM\Macelleria Carolini Snc Di Carolini A. E G.
Osteria La Cantinella\Via IV Novembre, 6, 00069 Trevignano Romano RM\\06 999 9255\\RM\Macelleria Carolini Snc Di Carolini A. E G.
Il Forno Franchini\Via IV Novembre, 6, 00069 Trevignano Romano RM\\06 999 9255\\RM\Macelleria Carolini Snc Di Carolini A. E G.
Catena Luciano minimarket\Via IV Novembre, 6, 00069 Trevignano Romano RM\\06 999 9255\\RM\Macelleria Carolini Snc Di Carolini A. E G.
Mangia Con Gusto Snc\Via IV Novembre, 6, 00069 Trevignano Romano RM\\06 999 9255\\RM\Macelleria Carolini Snc Di Carolini A. E G.
AgriRistoro Il Casaletto\Via IV Novembre, 6, 00069 Trevignano Romano RM\\06 999 9255\\RM\Macelleria Carolini Snc Di Carolini A. E G.
Cantine Capitani\Via IV Novembre, 6, 00069 Trevignano Romano RM\\06 999 9255\\RM\Macelleria Carolini Snc Di Carolini A. E G.
Pescheria Da Paris Alessandra\Via IV Novembre, 6, 00069 Trevignano Romano RM\\06 999 9255\\RM\Macelleria Carolini Snc Di Carolini A. E G.
Macelleria Gastronomia Succulenta\Strada di Santa Bona Nuova, 67, 31100 Treviso TV\https://m.facebook.com/macelleria.succulenta.tv/?ref=bookmarks\0422 231104\\TV\
Panificio Maso Alfeo di Moreno & C. snc\Via S. Francesco, 23, 31028 Vazzola TV\\0438 441301\\TV\
Perozzo\Via Postioma Ovest, 6, 31050 Vedelago TV\http://www.specialitaperozzo.it/\349 879 6609\zoocalf@libero.it\TV\
Agricola Pozzebon\Via Postioma Ovest, 6, 31050 Vedelago TV\http://www.specialitaperozzo.it/\349 879 6609\zoocalf@libero.it\TV\Perozzo
Santi F.lli Srl Lavorazione Carni Suine\Via Postioma Ovest, 6, 31050 Vedelago TV\http://www.specialitaperozzo.it/\349 879 6609\zoocalf@libero.it\TV\Perozzo
Ceron Carni di Sarai Francesco\Via Postioma Ovest, 6, 31050 Vedelago TV\http://www.specialitaperozzo.it/\349 879 6609\zoocalf@libero.it\TV\Perozzo
Master Srl\Via Postioma Ovest, 6, 31050 Vedelago TV\http://www.specialitaperozzo.it/\349 879 6609\zoocalf@libero.it\TV\Perozzo
Legnaro Carni\Via Postioma Ovest, 6, 31050 Vedelago TV\http://www.specialitaperozzo.it/\349 879 6609\zoocalf@libero.it\TV\Perozzo
Sbrissa Oscar\Via Postioma Ovest, 6, 31050 Vedelago TV\http://www.specialitaperozzo.it/\349 879 6609\zoocalf@libero.it\TV\Perozzo
Macelleria Carraro\Piazza Vittorio Veneto, 31020 Vidor TV\\339 249 2145\\TV\
Az.Agr.Ponte Vecchio Di Curto Stefano\Piazza Vittorio Veneto, 31020 Vidor TV\\339 249 2145\\TV\Macelleria Carraro
Macelleria Bettello Giuliano & C.Sas\Via G. Marconi, 130, 31020 Villorba TV\\0422 608007\\TV\
La Boutique di Villorba\Via G. Marconi, 130, 31020 Villorba TV\\0422 608007\\TV\Macelleria Bettello Giuliano & C.Sas
Macelleria Salvador\Viale della Vittoria, 42, 31029 Vittorio Veneto TV\\0438 556946\\TV\
Macelleria Da Dalt Di Marzio Da Dalt\Viale della Vittoria, 42, 31029 Vittorio Veneto TV\\0438 556946\\TV\Macelleria Salvador
Cooperativa Agricola Volpago\Via Schiavonesca Vecchia, 67, 31040 Volpago del Montello TV\http://www.coopvolpago.it/\0423 671081\info@coopvolpago.it\TV\
Montelvini - Wine Shop\Via Schiavonesca Vecchia, 67, 31040 Volpago del Montello TV\http://www.coopvolpago.it/\0423 671081\info@coopvolpago.it\TV\Cooperativa Agricola Volpago
Pastro Luigi\Via Schiavonesca Vecchia, 67, 31040 Volpago del Montello TV\http://www.coopvolpago.it/\0423 671081\info@coopvolpago.it\TV\Cooperativa Agricola Volpago
CRAI Venegazz\Via Schiavonesca Vecchia, 67, 31040 Volpago del Montello TV\http://www.coopvolpago.it/\0423 671081\info@coopvolpago.it\TV\Cooperativa Agricola Volpago
Ingros & Fresco - Formai\Via Schiavonesca Vecchia, 67, 31040 Volpago del Montello TV\http://www.coopvolpago.it/\0423 671081\info@coopvolpago.it\TV\Cooperativa Agricola Volpago
Nuova Industria Biscotti Crich S.p.a. - Societ Benefit\Via Alcide De Gasperi, 11, 31050 Zenson di Piave TV\https://www.crich.it/\0421 344203\nuovacrich@crich.it\TV\
BARBARAN VIGNE E VINI - Soc. Agr. di Barbaran Fabio e C.S.S.\Via Alcide De Gasperi, 11, 31050 Zenson di Piave TV\https://www.crich.it/\0421 344203\nuovacrich@crich.it\TV\Nuova Industria Biscotti Crich S.p.a. - Societ Benefit
Gastronomia Artigiana\Via Monte Piana, 53, 31059 Zero Branco TV\\0422 978047\\TV\
Vanin Bruno\Via Monte Piana, 53, 31059 Zero Branco TV\\0422 978047\\TV\Gastronomia Artigiana
Macelleria Zanetti\Via Monte Piana, 53, 31059 Zero Branco TV\\0422 978047\\TV\Gastronomia Artigiana
IPERSPAK di Zero Branco\Via Monte Piana, 53, 31059 Zero Branco TV\\0422 978047\\TV\Gastronomia Artigiana
Al supermercati - Zero Branco\Via Monte Piana, 53, 31059 Zero Branco TV\\0422 978047\\TV\Gastronomia Artigiana
L'AGRICOLA\Via Monte Piana, 53, 31059 Zero Branco TV\\0422 978047\\TV\Gastronomia Artigiana
Olio Zanellato\Via Monte Piana, 53, 31059 Zero Branco TV\\0422 978047\\TV\Gastronomia Artigiana
