Casa e Bottega - Macelleria e Gastronomia\Viale Giovanni Amendola, 18, 45100 Rovigo RO\https://www.casaebottegarovigo.it/\348 399 8583\info@yourstore.com info@casaebottegarovigo.it\RO\
Santato srl\Via Dante Gallani, 25, 45100 Rovigo RO\http://www.santato.net/\0425 360247\\RO\
Bottega Delle Carni di F.lli Capelozza di Capelozza Mirco s.n.c\Via Gino Piva, 68, 45100 Rovigo RO\https://www.bottega-delle-carni.com/\0425 30172\focus-within-polyfill@5.0.9 intl-segmenter@11.7.10 605a7baede844d278b89dc95ae0a9123@sentry-next.wixpress.com 78f7996315bc402f9dcb8a2f974b82d1@sentry.wixpress.com core-js-bundle@3.2.1 react@18.3.1 rspack@1.6.8 460ff4620fa44cba8df530afde949785@sentry.wixpress.com react-dom@18.3.1 8c4075d5481d476e945486754f783364@sentry.io 18d2f96d279149989b95faf0a4b41882@sentry-next.wixpress.com 5d1795a2db124a268f1e1bd88f503500@sentry.wixpress.com lodash@4.17.23 79baaa8e09c746d2b7401643b99792e0@sentry.wixpress.com mircocapelozza@libero.it 98b21aa53d68482b8414e892d9af0e5f@sentry-next.wixpress.com 8eb368c655b84e029ed79ad7a5c1718e@sentry.wixpress.com esempio@ilmiosito.com. 9a65e97ebe8141fca0c4fd686f70996b@sentry.wixpress.com\RO\
Macelleria Halal Rovigo Zahiali\Via Marco Polo, 20, 45100 Rovigo RO\\350 576 5782\\RO\
Macelleria Zago\Via Don Giovanni Minzoni, 60, 45100 Rovigo RO\http://www.macelleriazago.it/\0425 23197\info@macelleriazago.it\RO\
Bottega Veneta dal 1984 Pane Salumi Formaggi\Via Vittorio Veneto, 33, 45100 Rovigo RO\\\\RO\
Salumificio Artigianale Baldelli\Via Giuseppe Verdi, 1, 45020 Zelo RO\https://www.salumibaldelli.com/\0425 561019\\RO\
Gastronomia Fratelli PIVA\Piazza Giuseppe Garibaldi, 15, 45100 Rovigo RO\http://www.gastronomiapiva.com/\0425 24845\djrdjr@live.com react-dom@18.3.1 gastronomiapiva@libero.it react@18.3.1 john@example.com mario@esempio.it standalone@7.29.0\RO\
Azienda Agricola Corte Samoro\Vicolo Samoro, 253, 45010 Ceregnano RO\\340 810 7361\\RO\
Martelli Salumi S.p.A.\Via dell'Industria, 11, 35040 Boara Pisani PD\https://www.martelli.com/\0425 485811\\PD\
Macelleria Halal prima scelta\Viale Erminia Fu Fusinato, 37d, 45100 Rovigo RO\\329 736 2085\\RO\
PUNTO bottega alimentare - Formaggeria Enoteca con tavoli a Rovigo\Corso del Popolo, 200, 45100 Rovigo RO\https://bottegapunto.it/?utm_source=google&utm_medium=organic&utm_campaign=gmb\0425 094898\\RO\
Dal 1960 Salumeria-Gastronomia\Piazza Giuseppe Garibaldi, 15, 45100 Rovigo RO\\\\RO\
Macelleria Rinaldo\45100 Rovigo RO\https://rinaldomacellerie.it/punti-vendita/\0425 411553\\RO\
MACELLERIA TRAVAGLIA LA BECARIA\V.le Porta Po, 75, 45100 Rovigo RO\http://www.macellerialabecariarovigo.it/\0425 474644\\RO\
SIGMA\Corso del Popolo, 9193, 45100 Rovigo RO\https://www.supersigma.com/pdv/ceuro_ro_307101\0425 361330\\RO\
Macelleria Le Carni Borsea\Via Girolamo Savonarola, 60, 45100 Rovigo RO\http://www.lecarniborsea.it/\0425 474760\info@lecarniborsea.it saltalafila@lecarniborsea.it\RO\
Le Carni di Stocco Renzo e Verza Alfredo Snc\Via Frank Anna, 8, 45100 Rovigo RO\\0425 422385\\RO\
Macellerie Rinaldo - Rinaldo Giampaolo\V.le Porta Po, 101, 45100 Rovigo RO\\0425 509980\\RO\
Macelleria Santi Orazio\Piazza Papa Giovanni Paolo II, 3, 45100 Boara Polesine RO\\0425 484133\\RO\
Il Pane di Arnaldo\Via Fiume, 29, 45100 Rovigo RO\https://www.ilpanediarnaldo.it/\0425 154 3481\\RO\
Agricola Felisati - Srl\Localit Ca' Tron, 9A 45011, di Ca' Emo RO\https://agricolafelisati.wordpress.com/\334 619 4575\\RO\
Dispensa Emilia La Fattoria\SS16, 193, 45100 Rovigo RO\https://www.dispensaemilia.it/it/\0425 180 0103\gsap@3.0.1\RO\
Al Forno Lunardi\Via Don Giovanni Minzoni, 85, 45100 Rovigo RO\\0425 25031\\RO\
Le delizie ferraresi e locali\Via Maddalena Umberto, 5, 45100 Rovigo RO\\392 571 4141\\RO\
Santato Maurizio\Via A. de Gasperi, 220, 45023 Costa di Rovigo RO\\0425 497672\\RO\
Alper supermercati - Viale Porta Adige\Viale Porta Adige, 45 G, 45100 Rovigo RO\https://www.alisupermercati.it/negozi-e-volantini/negozi/aliper-rovigo?utm_source=google&utm_medium=schede-google&utm_campaign=store-aliper-rovigo\0425 411441\\RO\
Macelleria Di Stocco Sisi\Piazza Annonaria, 3, 45100 Rovigo RO\\0425 25503\\RO\
Panificio Bisson3 Produzione Propria\Via Cavalletto, 50, 45100 Rovigo RO\\\\RO\
Forno Pasticceria Pellegrini\Via Stefano Gobatti, 2, 45100 Rovigo RO\\0425 090085\\RO\
La Barchessa Panetteria Rovigo di Ferrarese Fulvia\Vicolo Adua, 13, 45100 Rovigo RO\\\\RO\
Macelleria Equina Zanini Guido\Piazza Umberto Merlin, 30, 45100 Rovigo RO\\0425 23125\\RO\
CENTRO VINI CANEVA NOVA\Corso del Popolo, 445, 45100 Rovigo RO\\353 477 4684\\RO\
Caccialupi Medardo E Mirco S.N.C.\Via Trento, 14, 45027 Trecenta RO\https://www.caseificiocaccialupi.it/\0425 712191\info@caseificiocaccialupi.it\RO\
MACELLERIA ISLAMICA ROYAL\Via Luigi Balzan, 16, 45100 Rovigo RO\\375 861 6132\\RO\
Panificio Da Lorenzo Snc Di Gigo Maria E Bassani Lorenzo\Via Montebello, 15, 45100 Rovigo RO\\345 794 6905\\RO\
La macelleria di Susi\Piazza Annonaria, 14, 45100 Rovigo RO\\338 200 4938\\RO\
Giordan Nicoletta\Via Ponte del Merlo, 7, 45100 Rovigo RO\\0425 494119\\RO\
Ze Bn - 24h - Caffetteria - Bubble Tea - cibo - Beni di largo consumo Negozio Automatico\Via Silvestri, 21, 45100 Rovigo RO\\347 522 9296\\RO\
Al supermercati - Viale Porta Adige\Viale Porta Adige, 14C, 45100 Rovigo RO\https://www.alisupermercati.it/negozi-e-volantini/negozi/rovigo-1?utm_source=google&utm_medium=schede-google&utm_campaign=store-rovigo-1\0425 362633\\RO\
CONAD\Viale della Scienza, 7, 45100 Rovigo RO\https://www.conad.it/ricerca-negozi/spesa-facile-viale-della-scienza-7-45100-rovigo--008922\0425 475168\\RO\
F.lli Billo S.r.l.\Via Bindoletta, 49, 35040 Merlara PD\https://www.fratellibillo.com/\0429 844516\info@fratellibillo.it\PD\
Franceschetti\Viale della Cooperazione, 32, 45100 Rovigo RO\http://www.franceschettigroup.it/\0425 474816\\RO\
Rossi Fabio\Via Dante Alighieri, 15, 45023 Costa di Rovigo RO\\371 561 3327\\RO\
Gran Carni Group Snc\Piazza Renato Otello Pighin, 7, 35048 Stanghella PD\http://www.grancarniastolfi.com/\0425 958116\info@grancarniastolfi.com\PD\
Mercato Del Marted\Piazza Giacomo Matteotti, 45100 Rovigo RO\\\\RO\
Il Porco Del Parco\Via Tombe, 5, 45012 Ariano RO\\338 391 3504\\RO\
Vino Terre e Sapori\Via Cesare Parenzo, 18, 45100 Rovigo RO\\0425 421399\\RO\
Supermercato Interspar Viale Porta Adige\Viale Porta Adige, 14D, 45100 Rovigo RO\https://www.despar.it/it/punto-vendita-interspar/785/rovigo/?&utm_source=google&utm_medium=organic&utm_campaign=local-sitoweb-supermercato-interspar-viale-porta-adige\0425 33253\\RO\
Supermercato Famila Superstore Rovigo\Via 8 Marzo, 13, 45100 Rovigo RO\https://promo.unicomm.it/punti-vendita/famila-di-rovigo?utm_source=GMB&utm_medium=GoogleMyBusiness&utm_campaign=rovigo\0425 421951\\RO\
Supermercato Interspar Viale Porta Po\sub 10, V.le Porta Po 193, SS16, Loc, 45100 Borsea RO\https://www.despar.it/it/punto-vendita-interspar/202/rovigo/?&utm_source=google&utm_medium=organic&utm_campaign=local-sitoweb-supermercato-interspar-viale-porta-po\0425 473811\\RO\
Super Enalotto\Via Giovanni Miani, 50, 45100 Rovigo RO\\\\RO\
Mercato Campagna Amica\Via Vittorio Veneto, 45100 Rovigo RO\http://www.campagnamica.it/\\\RO\
Canato Roberto\Via S. Gregorio, 4, 45100 Rovigo RO\\370 339 2475\\RO\
Azienda Agricola Fontana Daniele\Via S. Basilio, 118, 45019 Taglio di Po RO\https://www.agricolafontana.com/\\info@agricolafontana.com\RO\
CASETTA ROSSOBLU\Via della Costituzione, 51, difronte civico, 6a, 45100 Rovigo RO\http://casettarossoblurovigo.it/\327 738 9190\\RO\
Crai F.lli Venco\Via Girolamo Savonarola, 92, 45100 Rovigo RO\https://www.crai-supermercati.it/punto-vendita/1265-cuor-di-crai-rovigo-borsea/\0425 792685\craivenco@ama-crai.it\RO\
Forno Ferrarese di Trombini Claudio & C. Snc\Viale Alessandro Volta, 610, 45100 Rovigo RO\\380 891 9228\\RO\
Hera Bistr\Via Cime di Lavaredo, 110, 45100 Rovigo RO\\351 335 9877\\RO\
Eurospin\Viale Porta Adige, 42D, 45100 Rovigo RO\https://www.eurospin.it/\045 786 2000\\RO\
Panetteria Di. Bisson A.\Via Anita Garibaldi, 42, 45100 Rovigo RO\\\\RO\
D Pi Rovigo\V.le Porta Po, 101, 45100 Rovigo RO\https://www.d-piu.com/\\\RO\
NaturaS\Viale Tre Martiri, 33, 45100 Rovigo RO\https://negozi.naturasi.it/italia/rovigo/rovigo?utm_campaign=GMBSitelink_Rovigo_23292&utm_medium=GMBSitelink&utm_source=google\0425 412461\\RO\
ALDI Rovigo\Viale Giovanni Amendola, 2B, 45100 Rovigo RO\https://www.aldi.it/punti-vendita-e-orari-di-apertura/l/Rovigo/Viale-Amendola-2B/H161?utm_campaign=pdv&utm_source=google&utm_medium=GMB\\\RO\
Il Forno Rubiero\Via Giovanni Miani, 10, 45100 Rovigo RO\http://www.ilfornorubiero.it/\0425 537438\\RO\
Hong Du di Lin Yuzhong\Viale Benvenuto Tisi da Garofolo, 3, 45100 Rovigo RO\\0425 411094\\RO\
Macelleria Cavazzini Massimo\Via Eridania, 140, 45030 Santa Maria Maddalena RO\\0425 758233\\RO\
La Latteria\Via Marco Polo, 12, 45100 Rovigo RO\\347 781 7082\\RO\
Prosciuttificio Daniolo\Via Campana, 14B, 35044 Montagnana PD\http://www.prosciuttoveneto.it/\0429 81512\info@prosciuttoveneto.it infoprosciuttoveneto@pec.it\PD\
Panificio\Viale della Scienza, 7, 45100 Rovigo RO\\\\RO\
VOJO\Viale Tre Martiri, 45100 Rovigo RO\http://www.vojo.farm/\320 498 9919\info@vojo.farm\RO\
Macellazione F.lli Magnarello Spaccio Carni e Salumi\29 Via Rotella Destra, 35040 Sant'Urbano PD\https://www.facebook.com/annamariamgn84/\0429 693260\\PD\
Lucia\Via Cavalletto, 50, 45100 Rovigo RO\\\\RO\
Supermercato Coop\Via della Pace, 91, 45100 Rovigo RO\https://www.coopalleanza3-0.it/volantino/featured/95-rovigo---via-della-pace.html?utm_campaign=offerte-volantino&utm_content=95&utm_medium=gmb&utm_source=google\0425 33510\GRAD@20..48\RO\
Az.Agr. BioRigo\Via Trento, 9601, 45024 Fiesso Umbertiano RO\https://www.facebook.com/AzAgrBiologicaBioRigo/\\\RO\
Panificio Il Fornaretto\Via Vittorio Veneto, 80, 45100 Rovigo RO\\0425 25719\\RO\
Macelleria La Scelta di Gabrielli Patrizia Sas\Via Vittorio Veneto, 55, 45100 Rovigo RO\\0425 460002\\RO\
Il Forno di Peter...Pan\Via Marcello Grimani, 12, 45100 Rovigo RO\https://www.facebook.com/IlFornoDiPeterPan/\391 742 8566\\RO\
OKSIGMA\Via Ponte del Merlo, 43, 45100 Grignano Polesine RO\https://www.supersigma.com/pdv/ceuro_ro_307103\0425 494203\\RO\
Lidl\V.le Porta Po, 68, 45100 Rovigo RO\https://www.lidl.it/\800 480 048\\RO\
Macelleria Cavallarin\Piazza Vittorio Veneto, 125, 45020 Castelguglielmo RO\\0425 707208\\RO\
Billo Angiolino E Figli S.S.\Via Guarda, 101, 44034 Copparo FE\\339 801 2198\\FE\
Iper Rossetto Occhiobello, market\Via Nazionale, 16, 45030 Occhiobello RO\http://rossettogroup.it/\0425 762877\tailwindcss@2.2.10 clienti@rossettogroup.it reception@rossettogroup.it\RO\
iN's Mercato\Viale Porta Adige, 12D, 45100 Rovigo RO\http://www.insmercato.it/\375 560 2169\leaflet@1.9.4\RO\
Daudkandi Bazar - Minimarket\Corso del Popolo, 303, 45100 Rovigo RO\\329 190 8351\\RO\
Crai\Via Roma, 39, 45010 Ceregnano RO\https://www.crai-supermercati.it/punti-vendita/index.php?cap=&provincia=Rovigo\0425 476943\\RO\
Prosciuttiamo\Viale Erminia Fu Fusinato, 99, 45100 Rovigo RO\https://www.facebook.com/prosciuttiamoristoranterovigo/\0425 26178\\RO\
Fruttal\Via della Pace, 69, 45100 Rovigo RO\\\\RO\
Ristorante Vineria Le Carni\c, Via G. Savonarola, 60, 45100 Borsea RO\https://www.facebook.com/Le-Carni-Borsea-Osteria-Macelleria-159662044077207/\389 528 1555\\RO\
